Workbook
Name _200111_1926_Perceptron_Brown: 'Comparativa ce01'!$A$20:$K$369
Name _200112_2142_TnT_Brown: 'Comparativa ce01'!#REF!
Name _200112_2142_TnT_Brown__1: 'Comparativa ce01'!$AF$20:$AH$369

Sheet Comparativa ce01
A5: palabra desconocida mal etiquetada por los 3 etiquetadores
A6: palabra desconocida solo mal etiquetada por TNT
A7: palabra desconocida mal etiquetada por TNT y Perceptron
A8: palabra desconocida mal etiquetada por TNT y Stanford
I9: Brown | J9: Universal | Q9: Brown | R9: Universal | Y9: Brown | Z9: Universal | AF9: Brown | AG9: Universal
A10: Total etiquetas | I10: =COUNTA(I$20:I$989) -> 350 | J10: =COUNTA($G$20:$G$989) -> 350 | Q10: =COUNTA(Q20:Q1000) -> 350 | R10: =COUNTA($G20:$G1000) -> 350 | Y10: =COUNTA(Y$20:Y$989) -> 350 | Z10: =COUNTA($G$20:$G$989) -> 350 | AF10: =COUNTA(AF$20:AF$989) -> 350 | AG10: =COUNTA($G$20:$G$989) -> 350
A11: Aciertos | I11: =SUM(M$20:M$989) -> 317 | J11: =SUM(N$20:N$989) -> 323 | Q11: =SUM(U20:U369) -> 293 | R11: =SUM(V20:V1000) -> 306 | Y11: =SUM(AC$20:AC$989) -> 323 | Z11: =SUM(AD$20:AD$989) -> 328 | AF11: =SUM(AJ$20:AJ$989) -> 301 | AG11: =SUM(AK$20:AK$989) -> 303
A12: % | I12: =I11/I10 -> 0.90571429 | J12: =J11/J10 -> 0.92285714 | Q12: =Q11/Q10 -> 0.83714286 | R12: =R11/R10 -> 0.87428571 | Y12: =Y11/Y10 -> 0.92285714 | Z12: =Z11/Z10 -> 0.93714286 | AF12: =AF11/AF10 -> 0.86 | AG12: =AG11/AG10 -> 0.86571429
A13: Total palabras deconocidas | I13: =COUNTIFS($AF$20:$AF989,"Unk") -> 40 | J13: =COUNTIFS($AF$20:$AF989,"Unk") -> 40 | Y13: =COUNTIFS($AF$20:$AF989,"Unk") -> 40 | Z13: =COUNTIFS($AF$20:$AF989,"Unk") -> 40 | AF13: =COUNTIFS($AF$20:$AF989,"Unk") -> 40 | AG13: =COUNTIFS($AF$20:$AF989,"Unk") -> 40
A14: Aciertos | I14: =SUMIFS(M$20:M$987,$AF$20:$AF$987,"Unk") -> 23 | J14: =SUMIFS(N$20:N$987,$AF$20:$AF$987,"Unk") -> 26 | Y14: =SUMIFS(AC$20:AC$987,$AF$20:$AF$987,"Unk") -> 27 | Z14: =SUMIFS(AD$20:AD$987,$AF$20:$AF$987,"Unk") -> 29 | AF14: =SUMIFS(AJ$20:AJ$987,$AF$20:$AF$987,"Unk") -> 0 | AG14: =SUMIFS(AK$20:AK$987,$AF$20:$AF$987,"Unk") -> 0
A15: % | I15: =I14/I13 -> 0.575 | J15: =J14/J13 -> 0.65 | Q15: =Q14/Q13 -> #DIV/0! | R15: =R14/R13 -> #DIV/0! | Y15: =Y14/Y13 -> 0.675 | Z15: =Z14/Z13 -> 0.725 | AF15: =AF14/AF13 -> 0 | AG15: =AG14/AG13 -> 0
A16: Parte del error debido a palabras desconocidas | I16: =(I13-I14)/I10 -> 0.048571429 | J16: =(J13-J14)/J10 -> 0.04 | Y16: =(Y13-Y14)/Y10 -> 0.037142857 | Z16: =(Z13-Z14)/Z10 -> 0.031428571 | AF16: =(AF13-AF14)/AF10 -> 0.11428571 | AG16: =(AG13-AG14)/AG10 -> 0.11428571
I18: =I16*2 -> 0.097142857
A19: Text, P original | B19: Es ADJ | C19: Es ADV | D19: Gold, Brown tagset | G19: Gold, Universal (manual) | I19: Perceptron, Brown tagset | K19: Perceptron, Universal (NLTK) | L19: Perceptron, Universal (manual) | M19: Right Brown | N19: Right Universal | P19: Text, S tagged | Q19: Stanford 3000, Brown tagset | T19: Standford, Universal (manual) | U19: Right Brown | V19: Right Universal | X19: Text, S tagged | Y19: Stanford 20000, Brown tagset | AB19: Standford, Universal (manual) | AC19: Right Brown | AD19: Right Universal | AF19: TnT, Brown tagset | AH19: TnT, Universal | AJ19: Right Brown | AK19: Right Universal | AM19: Total Brown | AN19: Total univ
A20: Too | C20: 1 | D20: QL | E20: =INDEX('Brown tagset'!$B:$B,MATCH(IF(ISERROR(FIND("-",D20)),IF(ISERROR(FIND("+",D20)),D20,LEFT(D20,FIND("+",D20)-1)),LEFT(D20,FIND("-",D20)-1)),'Brown tagset'!$A:$A,0)) -> qualifier (very, fairly) | G20: =INDEX('Brown-Universal mapping'!$B:$B,MATCH(D20,'Brown-Universal mapping'!$A:$A,0)) -> ADV | I20: QL | J20: =INDEX('Brown tagset'!$B:$B,MATCH(IF(ISERROR(FIND("-",I20)),IF(ISERROR(FIND("+",I20)),I20,LEFT(I20,FIND("+",I20)-1)),LEFT(I20,FIND("-",I20)-1)),'Brown tagset'!$A:$A,0)) -> qualifier (very, fairly) | K20: X | L20: =INDEX('Brown-Universal mapping'!$B:$B,MATCH(I20,'Brown-Universal mapping'!$A:$A,0)) -> ADV | M20: =IF(I20=$D20,1,0) -> 1 | N20: =IF(L20=$G20,1,0) -> 1 | P20: Too | Q20: np | R20: =INDEX('Brown tagset'!$B:$B,MATCH(IF(ISERROR(FIND("-",Q20)),IF(ISERROR(FIND("+",Q20)),Q20,LEFT(Q20,FIND("+",Q20)-1)),LEFT(Q20,FIND("-",Q20)-1)),'Brown tagset'!$A:$A,0)) -> proper noun or part of name phrase | T20: =INDEX('Brown-Universal mapping'!$B:$B,MATCH(Q20,'Brown-Universal mapping'!$A:$A,0)) -> NOUN | U20: =IF(Q20=$D20,1,0) -> 0 | V20: =IF(T20=$G20,1,0) -> 0 | X20: Too | Y20: ql | Z20: =INDEX('Brown tagset'!$B:$B,MATCH(IF(ISERROR(FIND("-",Y20)),IF(ISERROR(FIND("+",Y20)),Y20,LEFT(Y20,FIND("+",Y20)-1)),LEFT(Y20,FIND("-",Y20)-1)),'Brown tagset'!$A:$A,0)) -> qualifier (very, fairly) | AB20: =INDEX('Brown-Universal mapping'!$B:$B,MATCH(Y20,'Brown-Universal mapping'!$A:$A,0)) -> ADV | AC20: =IF(Y20=$D20,1,0) -> 1 | AD20: =IF(AB20=$G20,1,0) -> 1 | AF20: QL | AG20: =INDEX('Brown tagset'!$B:$B,MATCH(IF(ISERROR(FIND("-",AF20)),IF(ISERROR(FIND("+",AF20)),AF20,LEFT(AF20,FIND("+",AF20)-1)),LEFT(AF20,FIND("-",AF20)-1)),'Brown tagset'!$A:$A,0)) -> qualifier (very, fairly) | AH20: X | AI20: =INDEX('Brown-Universal mapping'!$B:$B,MATCH(AF20,'Brown-Universal mapping'!$A:$A,0)) -> ADV | AJ20: =IF(AF20=$D20,1,0) -> 1 | AK20: =IF(AI20=$G20,1,0) -> 1 | AM20: =M20+AC20+AJ20 -> 3 | AN20: =N20+AD20+AK20 -> 3 | AP20: =AG20&AM20 -> qualifier (very, fairly)3
A21: often | C21: 1 | D21: RB | E21: =INDEX('Brown tagset'!$B:$B,MATCH(IF(ISERROR(FIND("-",D21)),IF(ISERROR(FIND("+",D21)),D21,LEFT(D21,FIND("+",D21)-1)),LEFT(D21,FIND("-",D21)-1)),'Brown tagset'!$A:$A,0)) -> adverb | G21: =INDEX('Brown-Universal mapping'!$B:$B,MATCH(D21,'Brown-Universal mapping'!$A:$A,0)) -> ADV | I21: RB | J21: =INDEX('Brown tagset'!$B:$B,MATCH(IF(ISERROR(FIND("-",I21)),IF(ISERROR(FIND("+",I21)),I21,LEFT(I21,FIND("+",I21)-1)),LEFT(I21,FIND("-",I21)-1)),'Brown tagset'!$A:$A,0)) -> adverb | K21: ADV | L21: =INDEX('Brown-Universal mapping'!$B:$B,MATCH(I21,'Brown-Universal mapping'!$A:$A,0)) -> ADV | M21: =IF(I21=$D21,1,0) -> 1 | N21: =IF(L21=$G21,1,0) -> 1 | P21: often | Q21: rb | R21: =INDEX('Brown tagset'!$B:$B,MATCH(IF(ISERROR(FIND("-",Q21)),IF(ISERROR(FIND("+",Q21)),Q21,LEFT(Q21,FIND("+",Q21)-1)),LEFT(Q21,FIND("-",Q21)-1)),'Brown tagset'!$A:$A,0)) -> adverb | T21: =INDEX('Brown-Universal mapping'!$B:$B,MATCH(Q21,'Brown-Universal mapping'!$A:$A,0)) -> ADV | U21: =IF(Q21=$D21,1,0) -> 1 | V21: =IF(T21=$G21,1,0) -> 1 | X21: often | Y21: rb | Z21: =INDEX('Brown tagset'!$B:$B,MATCH(IF(ISERROR(FIND("-",Y21)),IF(ISERROR(FIND("+",Y21)),Y21,LEFT(Y21,FIND("+",Y21)-1)),LEFT(Y21,FIND("-",Y21)-1)),'Brown tagset'!$A:$A,0)) -> adverb | AB21: =INDEX('Brown-Universal mapping'!$B:$B,MATCH(Y21,'Brown-Universal mapping'!$A:$A,0)) -> ADV | AC21: =IF(Y21=$D21,1,0) -> 1 | AD21: =IF(AB21=$G21,1,0) -> 1 | AF21: RB | AG21: =INDEX('Brown tagset'!$B:$B,MATCH(IF(ISERROR(FIND("-",AF21)),IF(ISERROR(FIND("+",AF21)),AF21,LEFT(AF21,FIND("+",AF21)-1)),LEFT(AF21,FIND("-",AF21)-1)),'Brown tagset'!$A:$A,0)) -> adverb | AH21: ADV | AI21: =INDEX('Brown-Universal mapping'!$B:$B,MATCH(AF21,'Brown-Universal mapping'!$A:$A,0)) -> ADV | AJ21: =IF(AF21=$D21,1,0) -> 1 | AK21: =IF(AI21=$G21,1,0) -> 1 | AM21: =M21+AC21+AJ21 -> 3 | AN21: =N21+AD21+AK21 -> 3 | AP21: =AG21&AM21 -> adverb3
A22: a | D22: AT | E22: =INDEX('Brown tagset'!$B:$B,MATCH(IF(ISERROR(FIND("-",D22)),IF(ISERROR(FIND("+",D22)),D22,LEFT(D22,FIND("+",D22)-1)),LEFT(D22,FIND("-",D22)-1)),'Brown tagset'!$A:$A,0)) -> article (a, the, no) | G22: =INDEX('Brown-Universal mapping'!$B:$B,MATCH(D22,'Brown-Universal mapping'!$A:$A,0)) -> DET | I22: AT | J22: =INDEX('Brown tagset'!$B:$B,MATCH(IF(ISERROR(FIND("-",I22)),IF(ISERROR(FIND("+",I22)),I22,LEFT(I22,FIND("+",I22)-1)),LEFT(I22,FIND("-",I22)-1)),'Brown tagset'!$A:$A,0)) -> article (a, the, no) | K22: X | L22: =INDEX('Brown-Universal mapping'!$B:$B,MATCH(I22,'Brown-Universal mapping'!$A:$A,0)) -> DET | M22: =IF(I22=$D22,1,0) -> 1 | N22: =IF(L22=$G22,1,0) -> 1 | P22: a | Q22: at | R22: =INDEX('Brown tagset'!$B:$B,MATCH(IF(ISERROR(FIND("-",Q22)),IF(ISERROR(FIND("+",Q22)),Q22,LEFT(Q22,FIND("+",Q22)-1)),LEFT(Q22,FIND("-",Q22)-1)),'Brown tagset'!$A:$A,0)) -> article (a, the, no) | T22: =INDEX('Brown-Universal mapping'!$B:$B,MATCH(Q22,'Brown-Universal mapping'!$A:$A,0)) -> DET | U22: =IF(Q22=$D22,1,0) -> 1 | V22: =IF(T22=$G22,1,0) -> 1 | X22: a | Y22: at | Z22: =INDEX('Brown tagset'!$B:$B,MATCH(IF(ISERROR(FIND("-",Y22)),IF(ISERROR(FIND("+",Y22)),Y22,LEFT(Y22,FIND("+",Y22)-1)),LEFT(Y22,FIND("-",Y22)-1)),'Brown tagset'!$A:$A,0)) -> article (a, the, no) | AB22: =INDEX('Brown-Universal mapping'!$B:$B,MATCH(Y22,'Brown-Universal mapping'!$A:$A,0)) -> DET | AC22: =IF(Y22=$D22,1,0) -> 1 | AD22: =IF(AB22=$G22,1,0) -> 1 | AF22: AT | AG22: =INDEX('Brown tagset'!$B:$B,MATCH(IF(ISERROR(FIND("-",AF22)),IF(ISERROR(FIND("+",AF22)),AF22,LEFT(AF22,FIND("+",AF22)-1)),LEFT(AF22,FIND("-",AF22)-1)),'Brown tagset'!$A:$A,0)) -> article (a, the, no) | AH22: X | AI22: =INDEX('Brown-Universal mapping'!$B:$B,MATCH(AF22,'Brown-Universal mapping'!$A:$A,0)) -> DET | AJ22: =IF(AF22=$D22,1,0) -> 1 | AK22: =IF(AI22=$G22,1,0) -> 1 | AM22: =M22+AC22+AJ22 -> 3 | AN22: =N22+AD22+AK22 -> 3 | AP22: =AG22&AM22 -> article (a, the, no)3
A23: beginning | D23: VBG | E23: =INDEX('Brown tagset'!$B:$B,MATCH(IF(ISERROR(FIND("-",D23)),IF(ISERROR(FIND("+",D23)),D23,LEFT(D23,FIND("+",D23)-1)),LEFT(D23,FIND("-",D23)-1)),'Brown tagset'!$A:$A,0)) -> verb, present participle/gerund | G23: =INDEX('Brown-Universal mapping'!$B:$B,MATCH(D23,'Brown-Universal mapping'!$A:$A,0)) -> VERB | I23: VBG | J23: =INDEX('Brown tagset'!$B:$B,MATCH(IF(ISERROR(FIND("-",I23)),IF(ISERROR(FIND("+",I23)),I23,LEFT(I23,FIND("+",I23)-1)),LEFT(I23,FIND("-",I23)-1)),'Brown tagset'!$A:$A,0)) -> verb, present participle/gerund | K23: VERB | L23: =INDEX('Brown-Universal mapping'!$B:$B,MATCH(I23,'Brown-Universal mapping'!$A:$A,0)) -> VERB | M23: =IF(I23=$D23,1,0) -> 1 | N23: =IF(L23=$G23,1,0) -> 1 | P23: beginning | Q23: nn | R23: =INDEX('Brown tagset'!$B:$B,MATCH(IF(ISERROR(FIND("-",Q23)),IF(ISERROR(FIND("+",Q23)),Q23,LEFT(Q23,FIND("+",Q23)-1)),LEFT(Q23,FIND("-",Q23)-1)),'Brown tagset'!$A:$A,0)) -> singular or mass noun | T23: =INDEX('Brown-Universal mapping'!$B:$B,MATCH(Q23,'Brown-Universal mapping'!$A:$A,0)) -> NOUN | U23: =IF(Q23=$D23,1,0) -> 0 | V23: =IF(T23=$G23,1,0) -> 0 | X23: beginning | Y23: nn | Z23: =INDEX('Brown tagset'!$B:$B,MATCH(IF(ISERROR(FIND("-",Y23)),IF(ISERROR(FIND("+",Y23)),Y23,LEFT(Y23,FIND("+",Y23)-1)),LEFT(Y23,FIND("-",Y23)-1)),'Brown tagset'!$A:$A,0)) -> singular or mass noun | AB23: =INDEX('Brown-Universal mapping'!$B:$B,MATCH(Y23,'Brown-Universal mapping'!$A:$A,0)) -> NOUN | AC23: =IF(Y23=$D23,1,0) -> 0 | AD23: =IF(AB23=$G23,1,0) -> 0 | AF23: NN | AG23: =INDEX('Brown tagset'!$B:$B,MATCH(IF(ISERROR(FIND("-",AF23)),IF(ISERROR(FIND("+",AF23)),AF23,LEFT(AF23,FIND("+",AF23)-1)),LEFT(AF23,FIND("-",AF23)-1)),'Brown tagset'!$A:$A,0)) -> singular or mass noun | AH23: NOUN | AI23: =INDEX('Brown-Universal mapping'!$B:$B,MATCH(AF23,'Brown-Universal mapping'!$A:$A,0)) -> NOUN | AJ23: =IF(AF23=$D23,1,0) -> 0 | AK23: =IF(AI23=$G23,1,0) -> 0 | AM23: =M23+AC23+AJ23 -> 1 | AN23: =N23+AD23+AK23 -> 1 | AP23: =AG23&AM23 -> singular or mass noun1
A24: bodybuilder | D24: NN | E24: =INDEX('Brown tagset'!$B:$B,MATCH(IF(ISERROR(FIND("-",D24)),IF(ISERROR(FIND("+",D24)),D24,LEFT(D24,FIND("+",D24)-1)),LEFT(D24,FIND("-",D24)-1)),'Brown tagset'!$A:$A,0)) -> singular or mass noun | G24: =INDEX('Brown-Universal mapping'!$B:$B,MATCH(D24,'Brown-Universal mapping'!$A:$A,0)) -> NOUN | I24: NN | J24: =INDEX('Brown tagset'!$B:$B,MATCH(IF(ISERROR(FIND("-",I24)),IF(ISERROR(FIND("+",I24)),I24,LEFT(I24,FIND("+",I24)-1)),LEFT(I24,FIND("-",I24)-1)),'Brown tagset'!$A:$A,0)) -> singular or mass noun | K24: NOUN | L24: =INDEX('Brown-Universal mapping'!$B:$B,MATCH(I24,'Brown-Universal mapping'!$A:$A,0)) -> NOUN | M24: =IF(I24=$D24,1,0) -> 1 | N24: =IF(L24=$G24,1,0) -> 1 | P24: bodybuilder | Q24: nn | R24: =INDEX('Brown tagset'!$B:$B,MATCH(IF(ISERROR(FIND("-",Q24)),IF(ISERROR(FIND("+",Q24)),Q24,LEFT(Q24,FIND("+",Q24)-1)),LEFT(Q24,FIND("-",Q24)-1)),'Brown tagset'!$A:$A,0)) -> singular or mass noun | T24: =INDEX('Brown-Universal mapping'!$B:$B,MATCH(Q24,'Brown-Universal mapping'!$A:$A,0)) -> NOUN | U24: =IF(Q24=$D24,1,0) -> 1 | V24: =IF(T24=$G24,1,0) -> 1 | X24: bodybuilder | Y24: nn | Z24: =INDEX('Brown tagset'!$B:$B,MATCH(IF(ISERROR(FIND("-",Y24)),IF(ISERROR(FIND("+",Y24)),Y24,LEFT(Y24,FIND("+",Y24)-1)),LEFT(Y24,FIND("-",Y24)-1)),'Brown tagset'!$A:$A,0)) -> singular or mass noun | AB24: =INDEX('Brown-Universal mapping'!$B:$B,MATCH(Y24,'Brown-Universal mapping'!$A:$A,0)) -> NOUN | AC24: =IF(Y24=$D24,1,0) -> 1 | AD24: =IF(AB24=$G24,1,0) -> 1 | AF24: Unk | AG24: =INDEX('Brown tagset'!$B:$B,MATCH(IF(ISERROR(FIND("-",AF24)),IF(ISERROR(FIND("+",AF24)),AF24,LEFT(AF24,FIND("+",AF24)-1)),LEFT(AF24,FIND("-",AF24)-1)),'Brown tagset'!$A:$A,0)) -> unknown | AH24: X | AI24: =INDEX('Brown-Universal mapping'!$B:$B,MATCH(AF24,'Brown-Universal mapping'!$A:$A,0)) -> Unknown | AJ24: =IF(AF24=$D24,1,0) -> 0 | AK24: =IF(AI24=$G24,1,0) -> 0 | AM24: =M24+AC24+AJ24 -> 2 | AN24: =N24+AD24+AK24 -> 2 | AP24: =AG24&AM24 -> unknown2
A25: has | D25: HVZ | E25: =INDEX('Brown tagset'!$B:$B,MATCH(IF(ISERROR(FIND("-",D25)),IF(ISERROR(FIND("+",D25)),D25,LEFT(D25,FIND("+",D25)-1)),LEFT(D25,FIND("-",D25)-1)),'Brown tagset'!$A:$A,0)) -> has | G25: =INDEX('Brown-Universal mapping'!$B:$B,MATCH(D25,'Brown-Universal mapping'!$A:$A,0)) -> VERB | I25: HVZ | J25: =INDEX('Brown tagset'!$B:$B,MATCH(IF(ISERROR(FIND("-",I25)),IF(ISERROR(FIND("+",I25)),I25,LEFT(I25,FIND("+",I25)-1)),LEFT(I25,FIND("-",I25)-1)),'Brown tagset'!$A:$A,0)) -> has | K25: X | L25: =INDEX('Brown-Universal mapping'!$B:$B,MATCH(I25,'Brown-Universal mapping'!$A:$A,0)) -> VERB | M25: =IF(I25=$D25,1,0) -> 1 | N25: =IF(L25=$G25,1,0) -> 1 | P25: has | Q25: hvz | R25: =INDEX('Brown tagset'!$B:$B,MATCH(IF(ISERROR(FIND("-",Q25)),IF(ISERROR(FIND("+",Q25)),Q25,LEFT(Q25,FIND("+",Q25)-1)),LEFT(Q25,FIND("-",Q25)-1)),'Brown tagset'!$A:$A,0)) -> has | T25: =INDEX('Brown-Universal mapping'!$B:$B,MATCH(Q25,'Brown-Universal mapping'!$A:$A,0)) -> VERB | U25: =IF(Q25=$D25,1,0) -> 1 | V25: =IF(T25=$G25,1,0) -> 1 | X25: has | Y25: hvz | Z25: =INDEX('Brown tagset'!$B:$B,MATCH(IF(ISERROR(FIND("-",Y25)),IF(ISERROR(FIND("+",Y25)),Y25,LEFT(Y25,FIND("+",Y25)-1)),LEFT(Y25,FIND("-",Y25)-1)),'Brown tagset'!$A:$A,0)) -> has | AB25: =INDEX('Brown-Universal mapping'!$B:$B,MATCH(Y25,'Brown-Universal mapping'!$A:$A,0)) -> VERB | AC25: =IF(Y25=$D25,1,0) -> 1 | AD25: =IF(AB25=$G25,1,0) -> 1 | AF25: HVZ | AG25: =INDEX('Brown tagset'!$B:$B,MATCH(IF(ISERROR(FIND("-",AF25)),IF(ISERROR(FIND("+",AF25)),AF25,LEFT(AF25,FIND("+",AF25)-1)),LEFT(AF25,FIND("-",AF25)-1)),'Brown tagset'!$A:$A,0)) -> has | AH25: X | AI25: =INDEX('Brown-Universal mapping'!$B:$B,MATCH(AF25,'Brown-Universal mapping'!$A:$A,0)) -> VERB | AJ25: =IF(AF25=$D25,1,0) -> 1 | AK25: =IF(AI25=$G25,1,0) -> 1 | AM25: =M25+AC25+AJ25 -> 3 | AN25: =N25+AD25+AK25 -> 3 | AP25: =AG25&AM25 -> has3
A26: to | D26: TO | E26: =INDEX('Brown tagset'!$B:$B,MATCH(IF(ISERROR(FIND("-",D26)),IF(ISERROR(FIND("+",D26)),D26,LEFT(D26,FIND("+",D26)-1)),LEFT(D26,FIND("-",D26)-1)),'Brown tagset'!$A:$A,0)) -> infinitive marker to | G26: =INDEX('Brown-Universal mapping'!$B:$B,MATCH(D26,'Brown-Universal mapping'!$A:$A,0)) -> PRT | I26: TO | J26: =INDEX('Brown tagset'!$B:$B,MATCH(IF(ISERROR(FIND("-",I26)),IF(ISERROR(FIND("+",I26)),I26,LEFT(I26,FIND("+",I26)-1)),LEFT(I26,FIND("-",I26)-1)),'Brown tagset'!$A:$A,0)) -> infinitive marker to | K26: PRT | L26: =INDEX('Brown-Universal mapping'!$B:$B,MATCH(I26,'Brown-Universal mapping'!$A:$A,0)) -> PRT | M26: =IF(I26=$D26,1,0) -> 1 | N26: =IF(L26=$G26,1,0) -> 1 | P26: to | Q26: to | R26: =INDEX('Brown tagset'!$B:$B,MATCH(IF(ISERROR(FIND("-",Q26)),IF(ISERROR(FIND("+",Q26)),Q26,LEFT(Q26,FIND("+",Q26)-1)),LEFT(Q26,FIND("-",Q26)-1)),'Brown tagset'!$A:$A,0)) -> infinitive marker to | T26: =INDEX('Brown-Universal mapping'!$B:$B,MATCH(Q26,'Brown-Universal mapping'!$A:$A,0)) -> PRT | U26: =IF(Q26=$D26,1,0) -> 1 | V26: =IF(T26=$G26,1,0) -> 1 | X26: to | Y26: to | Z26: =INDEX('Brown tagset'!$B:$B,MATCH(IF(ISERROR(FIND("-",Y26)),IF(ISERROR(FIND("+",Y26)),Y26,LEFT(Y26,FIND("+",Y26)-1)),LEFT(Y26,FIND("-",Y26)-1)),'Brown tagset'!$A:$A,0)) -> infinitive marker to | AB26: =INDEX('Brown-Universal mapping'!$B:$B,MATCH(Y26,'Brown-Universal mapping'!$A:$A,0)) -> PRT | AC26: =IF(Y26=$D26,1,0) -> 1 | AD26: =IF(AB26=$G26,1,0) -> 1 | AF26: TO | AG26: =INDEX('Brown tagset'!$B:$B,MATCH(IF(ISERROR(FIND("-",AF26)),IF(ISERROR(FIND("+",AF26)),AF26,LEFT(AF26,FIND("+",AF26)-1)),LEFT(AF26,FIND("-",AF26)-1)),'Brown tagset'!$A:$A,0)) -> infinitive marker to | AH26: PRT | AI26: =INDEX('Brown-Universal mapping'!$B:$B,MATCH(AF26,'Brown-Universal mapping'!$A:$A,0)) -> PRT | AJ26: =IF(AF26=$D26,1,0) -> 1 | AK26: =IF(AI26=$G26,1,0) -> 1 | AM26: =M26+AC26+AJ26 -> 3 | AN26: =N26+AD26+AK26 -> 3 | AP26: =AG26&AM26 -> infinitive marker to3
A27: do | D27: DO | E27: =INDEX('Brown tagset'!$B:$B,MATCH(IF(ISERROR(FIND("-",D27)),IF(ISERROR(FIND("+",D27)),D27,LEFT(D27,FIND("+",D27)-1)),LEFT(D27,FIND("-",D27)-1)),'Brown tagset'!$A:$A,0)) -> do | G27: =INDEX('Brown-Universal mapping'!$B:$B,MATCH(D27,'Brown-Universal mapping'!$A:$A,0)) -> VERB | I27: DO | J27: =INDEX('Brown tagset'!$B:$B,MATCH(IF(ISERROR(FIND("-",I27)),IF(ISERROR(FIND("+",I27)),I27,LEFT(I27,FIND("+",I27)-1)),LEFT(I27,FIND("-",I27)-1)),'Brown tagset'!$A:$A,0)) -> do | K27: X | L27: =INDEX('Brown-Universal mapping'!$B:$B,MATCH(I27,'Brown-Universal mapping'!$A:$A,0)) -> VERB | M27: =IF(I27=$D27,1,0) -> 1 | N27: =IF(L27=$G27,1,0) -> 1 | P27: do | Q27: do | R27: =INDEX('Brown tagset'!$B:$B,MATCH(IF(ISERROR(FIND("-",Q27)),IF(ISERROR(FIND("+",Q27)),Q27,LEFT(Q27,FIND("+",Q27)-1)),LEFT(Q27,FIND("-",Q27)-1)),'Brown tagset'!$A:$A,0)) -> do | T27: =INDEX('Brown-Universal mapping'!$B:$B,MATCH(Q27,'Brown-Universal mapping'!$A:$A,0)) -> VERB | U27: =IF(Q27=$D27,1,0) -> 1 | V27: =IF(T27=$G27,1,0) -> 1 | X27: do | Y27: do | Z27: =INDEX('Brown tagset'!$B:$B,MATCH(IF(ISERROR(FIND("-",Y27)),IF(ISERROR(FIND("+",Y27)),Y27,LEFT(Y27,FIND("+",Y27)-1)),LEFT(Y27,FIND("-",Y27)-1)),'Brown tagset'!$A:$A,0)) -> do | AB27: =INDEX('Brown-Universal mapping'!$B:$B,MATCH(Y27,'Brown-Universal mapping'!$A:$A,0)) -> VERB | AC27: =IF(Y27=$D27,1,0) -> 1 | AD27: =IF(AB27=$G27,1,0) -> 1 | AF27: DO | AG27: =INDEX('Brown tagset'!$B:$B,MATCH(IF(ISERROR(FIND("-",AF27)),IF(ISERROR(FIND("+",AF27)),AF27,LEFT(AF27,FIND("+",AF27)-1)),LEFT(AF27,FIND("-",AF27)-1)),'Brown tagset'!$A:$A,0)) -> do | AH27: X | AI27: =INDEX('Brown-Universal mapping'!$B:$B,MATCH(AF27,'Brown-Universal mapping'!$A:$A,0)) -> VERB | AJ27: =IF(AF27=$D27,1,0) -> 1 | AK27: =IF(AI27=$G27,1,0) -> 1 | AM27: =M27+AC27+AJ27 -> 3 | AN27: =N27+AD27+AK27 -> 3 | AP27: =AG27&AM27 -> do3
A28: his | D28: PP$ | E28: =INDEX('Brown tagset'!$B:$B,MATCH(IF(ISERROR(FIND("-",D28)),IF(ISERROR(FIND("+",D28)),D28,LEFT(D28,FIND("+",D28)-1)),LEFT(D28,FIND("-",D28)-1)),'Brown tagset'!$A:$A,0)) -> possessive personal pronoun (my, our) | G28: =INDEX('Brown-Universal mapping'!$B:$B,MATCH(D28,'Brown-Universal mapping'!$A:$A,0)) -> DET | I28: PP$ | J28: =INDEX('Brown tagset'!$B:$B,MATCH(IF(ISERROR(FIND("-",I28)),IF(ISERROR(FIND("+",I28)),I28,LEFT(I28,FIND("+",I28)-1)),LEFT(I28,FIND("-",I28)-1)),'Brown tagset'!$A:$A,0)) -> possessive personal pronoun (my, our) | K28: X | L28: =INDEX('Brown-Universal mapping'!$B:$B,MATCH(I28,'Brown-Universal mapping'!$A:$A,0)) -> DET | M28: =IF(I28=$D28,1,0) -> 1 | N28: =IF(L28=$G28,1,0) -> 1 | P28: his | Q28: pp$ | R28: =INDEX('Brown tagset'!$B:$B,MATCH(IF(ISERROR(FIND("-",Q28)),IF(ISERROR(FIND("+",Q28)),Q28,LEFT(Q28,FIND("+",Q28)-1)),LEFT(Q28,FIND("-",Q28)-1)),'Brown tagset'!$A:$A,0)) -> possessive personal pronoun (my, our) | T28: =INDEX('Brown-Universal mapping'!$B:$B,MATCH(Q28,'Brown-Universal mapping'!$A:$A,0)) -> DET | U28: =IF(Q28=$D28,1,0) -> 1 | V28: =IF(T28=$G28,1,0) -> 1 | X28: his | Y28: pp$ | Z28: =INDEX('Brown tagset'!$B:$B,MATCH(IF(ISERROR(FIND("-",Y28)),IF(ISERROR(FIND("+",Y28)),Y28,LEFT(Y28,FIND("+",Y28)-1)),LEFT(Y28,FIND("-",Y28)-1)),'Brown tagset'!$A:$A,0)) -> possessive personal pronoun (my, our) | AB28: =INDEX('Brown-Universal mapping'!$B:$B,MATCH(Y28,'Brown-Universal mapping'!$A:$A,0)) -> DET | AC28: =IF(Y28=$D28,1,0) -> 1 | AD28: =IF(AB28=$G28,1,0) -> 1 | AF28: PP$ | AG28: =INDEX('Brown tagset'!$B:$B,MATCH(IF(ISERROR(FIND("-",AF28)),IF(ISERROR(FIND("+",AF28)),AF28,LEFT(AF28,FIND("+",AF28)-1)),LEFT(AF28,FIND("-",AF28)-1)),'Brown tagset'!$A:$A,0)) -> possessive personal pronoun (my, our) | AH28: X | AI28: =INDEX('Brown-Universal mapping'!$B:$B,MATCH(AF28,'Brown-Universal mapping'!$A:$A,0)) -> DET | AJ28: =IF(AF28=$D28,1,0) -> 1 | AK28: =IF(AI28=$G28,1,0) -> 1 | AM28: =M28+AC28+AJ28 -> 3 | AN28: =N28+AD28+AK28 -> 3 | AP28: =AG28&AM28 -> possessive personal pronoun (my, our)3
A29: training | D29: NN | E29: =INDEX('Brown tagset'!$B:$B,MATCH(IF(ISERROR(FIND("-",D29)),IF(ISERROR(FIND("+",D29)),D29,LEFT(D29,FIND("+",D29)-1)),LEFT(D29,FIND("-",D29)-1)),'Brown tagset'!$A:$A,0)) -> singular or mass noun | G29: =INDEX('Brown-Universal mapping'!$B:$B,MATCH(D29,'Brown-Universal mapping'!$A:$A,0)) -> NOUN | I29: VBG | J29: =INDEX('Brown tagset'!$B:$B,MATCH(IF(ISERROR(FIND("-",I29)),IF(ISERROR(FIND("+",I29)),I29,LEFT(I29,FIND("+",I29)-1)),LEFT(I29,FIND("-",I29)-1)),'Brown tagset'!$A:$A,0)) -> verb, present participle/gerund | K29: VERB | L29: =INDEX('Brown-Universal mapping'!$B:$B,MATCH(I29,'Brown-Universal mapping'!$A:$A,0)) -> VERB | M29: =IF(I29=$D29,1,0) -> 0 | N29: =IF(L29=$G29,1,0) -> 0 | P29: training | Q29: vbg | R29: =INDEX('Brown tagset'!$B:$B,MATCH(IF(ISERROR(FIND("-",Q29)),IF(ISERROR(FIND("+",Q29)),Q29,LEFT(Q29,FIND("+",Q29)-1)),LEFT(Q29,FIND("-",Q29)-1)),'Brown tagset'!$A:$A,0)) -> verb, present participle/gerund | T29: =INDEX('Brown-Universal mapping'!$B:$B,MATCH(Q29,'Brown-Universal mapping'!$A:$A,0)) -> VERB | U29: =IF(Q29=$D29,1,0) -> 0 | V29: =IF(T29=$G29,1,0) -> 0 | X29: training | Y29: nn | Z29: =INDEX('Brown tagset'!$B:$B,MATCH(IF(ISERROR(FIND("-",Y29)),IF(ISERROR(FIND("+",Y29)),Y29,LEFT(Y29,FIND("+",Y29)-1)),LEFT(Y29,FIND("-",Y29)-1)),'Brown tagset'!$A:$A,0)) -> singular or mass noun | AB29: =INDEX('Brown-Universal mapping'!$B:$B,MATCH(Y29,'Brown-Universal mapping'!$A:$A,0)) -> NOUN | AC29: =IF(Y29=$D29,1,0) -> 1 | AD29: =IF(AB29=$G29,1,0) -> 1 | AF29: VBG | AG29: =INDEX('Brown tagset'!$B:$B,MATCH(IF(ISERROR(FIND("-",AF29)),IF(ISERROR(FIND("+",AF29)),AF29,LEFT(AF29,FIND("+",AF29)-1)),LEFT(AF29,FIND("-",AF29)-1)),'Brown tagset'!$A:$A,0)) -> verb, present participle/gerund | AH29: VERB | AI29: =INDEX('Brown-Universal mapping'!$B:$B,MATCH(AF29,'Brown-Universal mapping'!$A:$A,0)) -> VERB | AJ29: =IF(AF29=$D29,1,0) -> 0 | AK29: =IF(AI29=$G29,1,0) -> 0 | AM29: =M29+AC29+AJ29 -> 1 | AN29: =N29+AD29+AK29 -> 1 | AP29: =AG29&AM29 -> verb, present participle/gerund1
A30: secretly | C30: 1 | D30: RB | E30: =INDEX('Brown tagset'!$B:$B,MATCH(IF(ISERROR(FIND("-",D30)),IF(ISERROR(FIND("+",D30)),D30,LEFT(D30,FIND("+",D30)-1)),LEFT(D30,FIND("-",D30)-1)),'Brown tagset'!$A:$A,0)) -> adverb | G30: =INDEX('Brown-Universal mapping'!$B:$B,MATCH(D30,'Brown-Universal mapping'!$A:$A,0)) -> ADV | I30: RB | J30: =INDEX('Brown tagset'!$B:$B,MATCH(IF(ISERROR(FIND("-",I30)),IF(ISERROR(FIND("+",I30)),I30,LEFT(I30,FIND("+",I30)-1)),LEFT(I30,FIND("-",I30)-1)),'Brown tagset'!$A:$A,0)) -> adverb | K30: ADV | L30: =INDEX('Brown-Universal mapping'!$B:$B,MATCH(I30,'Brown-Universal mapping'!$A:$A,0)) -> ADV | M30: =IF(I30=$D30,1,0) -> 1 | N30: =IF(L30=$G30,1,0) -> 1 | P30: secretly | Q30: rb | R30: =INDEX('Brown tagset'!$B:$B,MATCH(IF(ISERROR(FIND("-",Q30)),IF(ISERROR(FIND("+",Q30)),Q30,LEFT(Q30,FIND("+",Q30)-1)),LEFT(Q30,FIND("-",Q30)-1)),'Brown tagset'!$A:$A,0)) -> adverb | T30: =INDEX('Brown-Universal mapping'!$B:$B,MATCH(Q30,'Brown-Universal mapping'!$A:$A,0)) -> ADV | U30: =IF(Q30=$D30,1,0) -> 1 | V30: =IF(T30=$G30,1,0) -> 1 | X30: secretly | Y30: rb | Z30: =INDEX('Brown tagset'!$B:$B,MATCH(IF(ISERROR(FIND("-",Y30)),IF(ISERROR(FIND("+",Y30)),Y30,LEFT(Y30,FIND("+",Y30)-1)),LEFT(Y30,FIND("-",Y30)-1)),'Brown tagset'!$A:$A,0)) -> adverb | AB30: =INDEX('Brown-Universal mapping'!$B:$B,MATCH(Y30,'Brown-Universal mapping'!$A:$A,0)) -> ADV | AC30: =IF(Y30=$D30,1,0) -> 1 | AD30: =IF(AB30=$G30,1,0) -> 1 | AF30: RB | AG30: =INDEX('Brown tagset'!$B:$B,MATCH(IF(ISERROR(FIND("-",AF30)),IF(ISERROR(FIND("+",AF30)),AF30,LEFT(AF30,FIND("+",AF30)-1)),LEFT(AF30,FIND("-",AF30)-1)),'Brown tagset'!$A:$A,0)) -> adverb | AH30: ADV | AI30: =INDEX('Brown-Universal mapping'!$B:$B,MATCH(AF30,'Brown-Universal mapping'!$A:$A,0)) -> ADV | AJ30: =IF(AF30=$D30,1,0) -> 1 | AK30: =IF(AI30=$G30,1,0) -> 1 | AM30: =M30+AC30+AJ30 -> 3 | AN30: =N30+AD30+AK30 -> 3 | AP30: =AG30&AM30 -> adverb3
A31: either | D31: CC | E31: =INDEX('Brown tagset'!$B:$B,MATCH(IF(ISERROR(FIND("-",D31)),IF(ISERROR(FIND("+",D31)),D31,LEFT(D31,FIND("+",D31)-1)),LEFT(D31,FIND("-",D31)-1)),'Brown tagset'!$A:$A,0)) -> coordinating conjunction (and, or) | G31: =INDEX('Brown-Universal mapping'!$B:$B,MATCH(D31,'Brown-Universal mapping'!$A:$A,0)) -> CONJ | I31: CC | J31: =INDEX('Brown tagset'!$B:$B,MATCH(IF(ISERROR(FIND("-",I31)),IF(ISERROR(FIND("+",I31)),I31,LEFT(I31,FIND("+",I31)-1)),LEFT(I31,FIND("-",I31)-1)),'Brown tagset'!$A:$A,0)) -> coordinating conjunction (and, or) | K31: CONJ | L31: =INDEX('Brown-Universal mapping'!$B:$B,MATCH(I31,'Brown-Universal mapping'!$A:$A,0)) -> CONJ | M31: =IF(I31=$D31,1,0) -> 1 | N31: =IF(L31=$G31,1,0) -> 1 | P31: either | Q31: cc | R31: =INDEX('Brown tagset'!$B:$B,MATCH(IF(ISERROR(FIND("-",Q31)),IF(ISERROR(FIND("+",Q31)),Q31,LEFT(Q31,FIND("+",Q31)-1)),LEFT(Q31,FIND("-",Q31)-1)),'Brown tagset'!$A:$A,0)) -> coordinating conjunction (and, or) | T31: =INDEX('Brown-Universal mapping'!$B:$B,MATCH(Q31,'Brown-Universal mapping'!$A:$A,0)) -> CONJ | U31: =IF(Q31=$D31,1,0) -> 1 | V31: =IF(T31=$G31,1,0) -> 1 | X31: either | Y31: cc | Z31: =INDEX('Brown tagset'!$B:$B,MATCH(IF(ISERROR(FIND("-",Y31)),IF(ISERROR(FIND("+",Y31)),Y31,LEFT(Y31,FIND("+",Y31)-1)),LEFT(Y31,FIND("-",Y31)-1)),'Brown tagset'!$A:$A,0)) -> coordinating conjunction (and, or) | AB31: =INDEX('Brown-Universal mapping'!$B:$B,MATCH(Y31,'Brown-Universal mapping'!$A:$A,0)) -> CONJ | AC31: =IF(Y31=$D31,1,0) -> 1 | AD31: =IF(AB31=$G31,1,0) -> 1 | AF31: CC | AG31: =INDEX('Brown tagset'!$B:$B,MATCH(IF(ISERROR(FIND("-",AF31)),IF(ISERROR(FIND("+",AF31)),AF31,LEFT(AF31,FIND("+",AF31)-1)),LEFT(AF31,FIND("-",AF31)-1)),'Brown tagset'!$A:$A,0)) -> coordinating conjunction (and, or) | AH31: CONJ | AI31: =INDEX('Brown-Universal mapping'!$B:$B,MATCH(AF31,'Brown-Universal mapping'!$A:$A,0)) -> CONJ | AJ31: =IF(AF31=$D31,1,0) -> 1 | AK31: =IF(AI31=$G31,1,0) -> 1 | AM31: =M31+AC31+AJ31 -> 3 | AN31: =N31+AD31+AK31 -> 3 | AP31: =AG31&AM31 -> coordinating conjunction (and, or)3
A32: because | D32: CS | E32: =INDEX('Brown tagset'!$B:$B,MATCH(IF(ISERROR(FIND("-",D32)),IF(ISERROR(FIND("+",D32)),D32,LEFT(D32,FIND("+",D32)-1)),LEFT(D32,FIND("-",D32)-1)),'Brown tagset'!$A:$A,0)) -> subordinating conjunction (if, although) | G32: =INDEX('Brown-Universal mapping'!$B:$B,MATCH(D32,'Brown-Universal mapping'!$A:$A,0)) -> ADP | I32: CS | J32: =INDEX('Brown tagset'!$B:$B,MATCH(IF(ISERROR(FIND("-",I32)),IF(ISERROR(FIND("+",I32)),I32,LEFT(I32,FIND("+",I32)-1)),LEFT(I32,FIND("-",I32)-1)),'Brown tagset'!$A:$A,0)) -> subordinating conjunction (if, although) | K32: X | L32: =INDEX('Brown-Universal mapping'!$B:$B,MATCH(I32,'Brown-Universal mapping'!$A:$A,0)) -> ADP | M32: =IF(I32=$D32,1,0) -> 1 | N32: =IF(L32=$G32,1,0) -> 1 | P32: because | Q32: cs | R32: =INDEX('Brown tagset'!$B:$B,MATCH(IF(ISERROR(FIND("-",Q32)),IF(ISERROR(FIND("+",Q32)),Q32,LEFT(Q32,FIND("+",Q32)-1)),LEFT(Q32,FIND("-",Q32)-1)),'Brown tagset'!$A:$A,0)) -> subordinating conjunction (if, although) | T32: =INDEX('Brown-Universal mapping'!$B:$B,MATCH(Q32,'Brown-Universal mapping'!$A:$A,0)) -> ADP | U32: =IF(Q32=$D32,1,0) -> 1 | V32: =IF(T32=$G32,1,0) -> 1 | X32: because | Y32: cs | Z32: =INDEX('Brown tagset'!$B:$B,MATCH(IF(ISERROR(FIND("-",Y32)),IF(ISERROR(FIND("+",Y32)),Y32,LEFT(Y32,FIND("+",Y32)-1)),LEFT(Y32,FIND("-",Y32)-1)),'Brown tagset'!$A:$A,0)) -> subordinating conjunction (if, although) | AB32: =INDEX('Brown-Universal mapping'!$B:$B,MATCH(Y32,'Brown-Universal mapping'!$A:$A,0)) -> ADP | AC32: =IF(Y32=$D32,1,0) -> 1 | AD32: =IF(AB32=$G32,1,0) -> 1 | AF32: CS | AG32: =INDEX('Brown tagset'!$B:$B,MATCH(IF(ISERROR(FIND("-",AF32)),IF(ISERROR(FIND("+",AF32)),AF32,LEFT(AF32,FIND("+",AF32)-1)),LEFT(AF32,FIND("-",AF32)-1)),'Brown tagset'!$A:$A,0)) -> subordinating conjunction (if, although) | AH32: X | AI32: =INDEX('Brown-Universal mapping'!$B:$B,MATCH(AF32,'Brown-Universal mapping'!$A:$A,0)) -> ADP | AJ32: =IF(AF32=$D32,1,0) -> 1 | AK32: =IF(AI32=$G32,1,0) -> 1 | AM32: =M32+AC32+AJ32 -> 3 | AN32: =N32+AD32+AK32 -> 3 | AP32: =AG32&AM32 -> subordinating conjunction (if, although)3
A33: his | D33: PP$ | E33: =INDEX('Brown tagset'!$B:$B,MATCH(IF(ISERROR(FIND("-",D33)),IF(ISERROR(FIND("+",D33)),D33,LEFT(D33,FIND("+",D33)-1)),LEFT(D33,FIND("-",D33)-1)),'Brown tagset'!$A:$A,0)) -> possessive personal pronoun (my, our) | G33: =INDEX('Brown-Universal mapping'!$B:$B,MATCH(D33,'Brown-Universal mapping'!$A:$A,0)) -> DET | I33: PP$ | J33: =INDEX('Brown tagset'!$B:$B,MATCH(IF(ISERROR(FIND("-",I33)),IF(ISERROR(FIND("+",I33)),I33,LEFT(I33,FIND("+",I33)-1)),LEFT(I33,FIND("-",I33)-1)),'Brown tagset'!$A:$A,0)) -> possessive personal pronoun (my, our) | K33: X | L33: =INDEX('Brown-Universal mapping'!$B:$B,MATCH(I33,'Brown-Universal mapping'!$A:$A,0)) -> DET | M33: =IF(I33=$D33,1,0) -> 1 | N33: =IF(L33=$G33,1,0) -> 1 | P33: his | Q33: pp$ | R33: =INDEX('Brown tagset'!$B:$B,MATCH(IF(ISERROR(FIND("-",Q33)),IF(ISERROR(FIND("+",Q33)),Q33,LEFT(Q33,FIND("+",Q33)-1)),LEFT(Q33,FIND("-",Q33)-1)),'Brown tagset'!$A:$A,0)) -> possessive personal pronoun (my, our) | T33: =INDEX('Brown-Universal mapping'!$B:$B,MATCH(Q33,'Brown-Universal mapping'!$A:$A,0)) -> DET | U33: =IF(Q33=$D33,1,0) -> 1 | V33: =IF(T33=$G33,1,0) -> 1 | X33: his | Y33: pp$ | Z33: =INDEX('Brown tagset'!$B:$B,MATCH(IF(ISERROR(FIND("-",Y33)),IF(ISERROR(FIND("+",Y33)),Y33,LEFT(Y33,FIND("+",Y33)-1)),LEFT(Y33,FIND("-",Y33)-1)),'Brown tagset'!$A:$A,0)) -> possessive personal pronoun (my, our) | AB33: =INDEX('Brown-Universal mapping'!$B:$B,MATCH(Y33,'Brown-Universal mapping'!$A:$A,0)) -> DET | AC33: =IF(Y33=$D33,1,0) -> 1 | AD33: =IF(AB33=$G33,1,0) -> 1 | AF33: PP$ | AG33: =INDEX('Brown tagset'!$B:$B,MATCH(IF(ISERROR(FIND("-",AF33)),IF(ISERROR(FIND("+",AF33)),AF33,LEFT(AF33,FIND("+",AF33)-1)),LEFT(AF33,FIND("-",AF33)-1)),'Brown tagset'!$A:$A,0)) -> possessive personal pronoun (my, our) | AH33: X | AI33: =INDEX('Brown-Universal mapping'!$B:$B,MATCH(AF33,'Brown-Universal mapping'!$A:$A,0)) -> DET | AJ33: =IF(AF33=$D33,1,0) -> 1 | AK33: =IF(AI33=$G33,1,0) -> 1 | AM33: =M33+AC33+AJ33 -> 3 | AN33: =N33+AD33+AK33 -> 3 | AP33: =AG33&AM33 -> possessive personal pronoun (my, our)3
A34: parents | D34: NNS | E34: =INDEX('Brown tagset'!$B:$B,MATCH(IF(ISERROR(FIND("-",D34)),IF(ISERROR(FIND("+",D34)),D34,LEFT(D34,FIND("+",D34)-1)),LEFT(D34,FIND("-",D34)-1)),'Brown tagset'!$A:$A,0)) -> plural noun | G34: =INDEX('Brown-Universal mapping'!$B:$B,MATCH(D34,'Brown-Universal mapping'!$A:$A,0)) -> NOUN | I34: NNS | J34: =INDEX('Brown tagset'!$B:$B,MATCH(IF(ISERROR(FIND("-",I34)),IF(ISERROR(FIND("+",I34)),I34,LEFT(I34,FIND("+",I34)-1)),LEFT(I34,FIND("-",I34)-1)),'Brown tagset'!$A:$A,0)) -> plural noun | K34: NOUN | L34: =INDEX('Brown-Universal mapping'!$B:$B,MATCH(I34,'Brown-Universal mapping'!$A:$A,0)) -> NOUN | M34: =IF(I34=$D34,1,0) -> 1 | N34: =IF(L34=$G34,1,0) -> 1 | P34: parents | Q34: nns | R34: =INDEX('Brown tagset'!$B:$B,MATCH(IF(ISERROR(FIND("-",Q34)),IF(ISERROR(FIND("+",Q34)),Q34,LEFT(Q34,FIND("+",Q34)-1)),LEFT(Q34,FIND("-",Q34)-1)),'Brown tagset'!$A:$A,0)) -> plural noun | T34: =INDEX('Brown-Universal mapping'!$B:$B,MATCH(Q34,'Brown-Universal mapping'!$A:$A,0)) -> NOUN | U34: =IF(Q34=$D34,1,0) -> 1 | V34: =IF(T34=$G34,1,0) -> 1 | X34: parents | Y34: nns | Z34: =INDEX('Brown tagset'!$B:$B,MATCH(IF(ISERROR(FIND("-",Y34)),IF(ISERROR(FIND("+",Y34)),Y34,LEFT(Y34,FIND("+",Y34)-1)),LEFT(Y34,FIND("-",Y34)-1)),'Brown tagset'!$A:$A,0)) -> plural noun | AB34: =INDEX('Brown-Universal mapping'!$B:$B,MATCH(Y34,'Brown-Universal mapping'!$A:$A,0)) -> NOUN | AC34: =IF(Y34=$D34,1,0) -> 1 | AD34: =IF(AB34=$G34,1,0) -> 1 | AF34: NNS | AG34: =INDEX('Brown tagset'!$B:$B,MATCH(IF(ISERROR(FIND("-",AF34)),IF(ISERROR(FIND("+",AF34)),AF34,LEFT(AF34,FIND("+",AF34)-1)),LEFT(AF34,FIND("-",AF34)-1)),'Brown tagset'!$A:$A,0)) -> plural noun | AH34: NOUN | AI34: =INDEX('Brown-Universal mapping'!$B:$B,MATCH(AF34,'Brown-Universal mapping'!$A:$A,0)) -> NOUN | AJ34: =IF(AF34=$D34,1,0) -> 1 | AK34: =IF(AI34=$G34,1,0) -> 1 | AM34: =M34+AC34+AJ34 -> 3 | AN34: =N34+AD34+AK34 -> 3 | AP34: =AG34&AM34 -> plural noun3
A35: don't | D35: DO* | E35: =INDEX('Brown tagset'!$B:$B,MATCH(IF(ISERROR(FIND("-",D35)),IF(ISERROR(FIND("+",D35)),D35,LEFT(D35,FIND("+",D35)-1)),LEFT(D35,FIND("-",D35)-1)),'Brown tagset'!$A:$A,0)) -> do | G35: =INDEX('Brown-Universal mapping'!$B:$B,MATCH(D35,'Brown-Universal mapping'!$A:$A,0)) -> VERB | I35: DO* | J35: =INDEX('Brown tagset'!$B:$B,MATCH(IF(ISERROR(FIND("-",I35)),IF(ISERROR(FIND("+",I35)),I35,LEFT(I35,FIND("+",I35)-1)),LEFT(I35,FIND("-",I35)-1)),'Brown tagset'!$A:$A,0)) -> do | K35: X | L35: =INDEX('Brown-Universal mapping'!$B:$B,MATCH(I35,'Brown-Universal mapping'!$A:$A,0)) -> VERB | M35: =IF(I35=$D35,1,0) -> 1 | N35: =IF(L35=$G35,1,0) -> 1 | P35: do | Q35: do | R35: =INDEX('Brown tagset'!$B:$B,MATCH(IF(ISERROR(FIND("-",Q35)),IF(ISERROR(FIND("+",Q35)),Q35,LEFT(Q35,FIND("+",Q35)-1)),LEFT(Q35,FIND("-",Q35)-1)),'Brown tagset'!$A:$A,0)) -> do | T35: =INDEX('Brown-Universal mapping'!$B:$B,MATCH(Q35,'Brown-Universal mapping'!$A:$A,0)) -> VERB | U35: =IF(Q35=$D35,1,0) -> 0 | V35: =IF(T35=$G35,1,0) -> 1 | X35: don't | Y35: do* | Z35: =INDEX('Brown tagset'!$B:$B,MATCH(IF(ISERROR(FIND("-",Y35)),IF(ISERROR(FIND("+",Y35)),Y35,LEFT(Y35,FIND("+",Y35)-1)),LEFT(Y35,FIND("-",Y35)-1)),'Brown tagset'!$A:$A,0)) -> do | AB35: =INDEX('Brown-Universal mapping'!$B:$B,MATCH(Y35,'Brown-Universal mapping'!$A:$A,0)) -> VERB | AC35: =IF(Y35=$D35,1,0) -> 1 | AD35: =IF(AB35=$G35,1,0) -> 1 | AF35: DO* | AG35: =INDEX('Brown tagset'!$B:$B,MATCH(IF(ISERROR(FIND("-",AF35)),IF(ISERROR(FIND("+",AF35)),AF35,LEFT(AF35,FIND("+",AF35)-1)),LEFT(AF35,FIND("-",AF35)-1)),'Brown tagset'!$A:$A,0)) -> do | AH35: X | AI35: =INDEX('Brown-Universal mapping'!$B:$B,MATCH(AF35,'Brown-Universal mapping'!$A:$A,0)) -> VERB | AJ35: =IF(AF35=$D35,1,0) -> 1 | AK35: =IF(AI35=$G35,1,0) -> 1 | AM35: =M35+AC35+AJ35 -> 3 | AN35: =N35+AD35+AK35 -> 3 | AP35: =AG35&AM35 -> do3
A36: want | D36: VB | E36: =INDEX('Brown tagset'!$B:$B,MATCH(IF(ISERROR(FIND("-",D36)),IF(ISERROR(FIND("+",D36)),D36,LEFT(D36,FIND("+",D36)-1)),LEFT(D36,FIND("-",D36)-1)),'Brown tagset'!$A:$A,0)) -> verb, base form | G36: =INDEX('Brown-Universal mapping'!$B:$B,MATCH(D36,'Brown-Universal mapping'!$A:$A,0)) -> VERB | I36: VB | J36: =INDEX('Brown tagset'!$B:$B,MATCH(IF(ISERROR(FIND("-",I36)),IF(ISERROR(FIND("+",I36)),I36,LEFT(I36,FIND("+",I36)-1)),LEFT(I36,FIND("-",I36)-1)),'Brown tagset'!$A:$A,0)) -> verb, base form | K36: VERB | L36: =INDEX('Brown-Universal mapping'!$B:$B,MATCH(I36,'Brown-Universal mapping'!$A:$A,0)) -> VERB | M36: =IF(I36=$D36,1,0) -> 1 | N36: =IF(L36=$G36,1,0) -> 1 | P36: want | Q36: vb | R36: =INDEX('Brown tagset'!$B:$B,MATCH(IF(ISERROR(FIND("-",Q36)),IF(ISERROR(FIND("+",Q36)),Q36,LEFT(Q36,FIND("+",Q36)-1)),LEFT(Q36,FIND("-",Q36)-1)),'Brown tagset'!$A:$A,0)) -> verb, base form | T36: =INDEX('Brown-Universal mapping'!$B:$B,MATCH(Q36,'Brown-Universal mapping'!$A:$A,0)) -> VERB | U36: =IF(Q36=$D36,1,0) -> 1 | V36: =IF(T36=$G36,1,0) -> 1 | X36: want | Y36: vb | Z36: =INDEX('Brown tagset'!$B:$B,MATCH(IF(ISERROR(FIND("-",Y36)),IF(ISERROR(FIND("+",Y36)),Y36,LEFT(Y36,FIND("+",Y36)-1)),LEFT(Y36,FIND("-",Y36)-1)),'Brown tagset'!$A:$A,0)) -> verb, base form | AB36: VERB | AC36: =IF(Y36=$D36,1,0) -> 1 | AD36: =IF(AB36=$G36,1,0) -> 1 | AF36: VB | AG36: =INDEX('Brown tagset'!$B:$B,MATCH(IF(ISERROR(FIND("-",AF36)),IF(ISERROR(FIND("+",AF36)),AF36,LEFT(AF36,FIND("+",AF36)-1)),LEFT(AF36,FIND("-",AF36)-1)),'Brown tagset'!$A:$A,0)) -> verb, base form | AH36: VERB | AI36: =INDEX('Brown-Universal mapping'!$B:$B,MATCH(AF36,'Brown-Universal mapping'!$A:$A,0)) -> VERB | AJ36: =IF(AF36=$D36,1,0) -> 1 | AK36: =IF(AI36=$G36,1,0) -> 1 | AM36: =M36+AC36+AJ36 -> 3 | AN36: =N36+AD36+AK36 -> 3 | AP36: =AG36&AM36 -> verb, base form3
A37: sonny-boy | D37: NN | E37: =INDEX('Brown tagset'!$B:$B,MATCH(IF(ISERROR(FIND("-",D37)),IF(ISERROR(FIND("+",D37)),D37,LEFT(D37,FIND("+",D37)-1)),LEFT(D37,FIND("-",D37)-1)),'Brown tagset'!$A:$A,0)) -> singular or mass noun | G37: =INDEX('Brown-Universal mapping'!$B:$B,MATCH(D37,'Brown-Universal mapping'!$A:$A,0)) -> NOUN | I37: NN | J37: =INDEX('Brown tagset'!$B:$B,MATCH(IF(ISERROR(FIND("-",I37)),IF(ISERROR(FIND("+",I37)),I37,LEFT(I37,FIND("+",I37)-1)),LEFT(I37,FIND("-",I37)-1)),'Brown tagset'!$A:$A,0)) -> singular or mass noun | K37: NOUN | L37: =INDEX('Brown-Universal mapping'!$B:$B,MATCH(I37,'Brown-Universal mapping'!$A:$A,0)) -> NOUN | M37: =IF(I37=$D37,1,0) -> 1 | N37: =IF(L37=$G37,1,0) -> 1 | P37: sonny-boy | Q37: rb | R37: =INDEX('Brown tagset'!$B:$B,MATCH(IF(ISERROR(FIND("-",Q37)),IF(ISERROR(FIND("+",Q37)),Q37,LEFT(Q37,FIND("+",Q37)-1)),LEFT(Q37,FIND("-",Q37)-1)),'Brown tagset'!$A:$A,0)) -> adverb | T37: =INDEX('Brown-Universal mapping'!$B:$B,MATCH(Q37,'Brown-Universal mapping'!$A:$A,0)) -> ADV | U37: =IF(Q37=$D37,1,0) -> 0 | V37: =IF(T37=$G37,1,0) -> 0 | X37: sonny-boy | Y37: jj | Z37: =INDEX('Brown tagset'!$B:$B,MATCH(IF(ISERROR(FIND("-",Y37)),IF(ISERROR(FIND("+",Y37)),Y37,LEFT(Y37,FIND("+",Y37)-1)),LEFT(Y37,FIND("-",Y37)-1)),'Brown tagset'!$A:$A,0)) -> adjective | AB37: =INDEX('Brown-Universal mapping'!$B:$B,MATCH(Y37,'Brown-Universal mapping'!$A:$A,0)) -> ADJ | AC37: =IF(Y37=$D37,1,0) -> 0 | AD37: =IF(AB37=$G37,1,0) -> 0 | AF37: Unk | AG37: =INDEX('Brown tagset'!$B:$B,MATCH(IF(ISERROR(FIND("-",AF37)),IF(ISERROR(FIND("+",AF37)),AF37,LEFT(AF37,FIND("+",AF37)-1)),LEFT(AF37,FIND("-",AF37)-1)),'Brown tagset'!$A:$A,0)) -> unknown | AH37: X | AI37: =INDEX('Brown-Universal mapping'!$B:$B,MATCH(AF37,'Brown-Universal mapping'!$A:$A,0)) -> Unknown | AJ37: =IF(AF37=$D37,1,0) -> 0 | AK37: =IF(AI37=$G37,1,0) -> 0 | AM37: =M37+AC37+AJ37 -> 1 | AN37: =N37+AD37+AK37 -> 1 | AP37: =AG37&AM37 -> unknown1
A38: to | D38: TO | E38: =INDEX('Brown tagset'!$B:$B,MATCH(IF(ISERROR(FIND("-",D38)),IF(ISERROR(FIND("+",D38)),D38,LEFT(D38,FIND("+",D38)-1)),LEFT(D38,FIND("-",D38)-1)),'Brown tagset'!$A:$A,0)) -> infinitive marker to | G38: =INDEX('Brown-Universal mapping'!$B:$B,MATCH(D38,'Brown-Universal mapping'!$A:$A,0)) -> PRT | I38: TO | J38: =INDEX('Brown tagset'!$B:$B,MATCH(IF(ISERROR(FIND("-",I38)),IF(ISERROR(FIND("+",I38)),I38,LEFT(I38,FIND("+",I38)-1)),LEFT(I38,FIND("-",I38)-1)),'Brown tagset'!$A:$A,0)) -> infinitive marker to | K38: PRT | L38: =INDEX('Brown-Universal mapping'!$B:$B,MATCH(I38,'Brown-Universal mapping'!$A:$A,0)) -> PRT | M38: =IF(I38=$D38,1,0) -> 1 | N38: =IF(L38=$G38,1,0) -> 1 | P38: to | Q38: to | R38: =INDEX('Brown tagset'!$B:$B,MATCH(IF(ISERROR(FIND("-",Q38)),IF(ISERROR(FIND("+",Q38)),Q38,LEFT(Q38,FIND("+",Q38)-1)),LEFT(Q38,FIND("-",Q38)-1)),'Brown tagset'!$A:$A,0)) -> infinitive marker to | T38: =INDEX('Brown-Universal mapping'!$B:$B,MATCH(Q38,'Brown-Universal mapping'!$A:$A,0)) -> PRT | U38: =IF(Q38=$D38,1,0) -> 1 | V38: =IF(T38=$G38,1,0) -> 1 | X38: to | Y38: in | Z38: =INDEX('Brown tagset'!$B:$B,MATCH(IF(ISERROR(FIND("-",Y38)),IF(ISERROR(FIND("+",Y38)),Y38,LEFT(Y38,FIND("+",Y38)-1)),LEFT(Y38,FIND("-",Y38)-1)),'Brown tagset'!$A:$A,0)) -> preposition | AB38: =INDEX('Brown-Universal mapping'!$B:$B,MATCH(Y38,'Brown-Universal mapping'!$A:$A,0)) -> ADP | AC38: =IF(Y38=$D38,1,0) -> 0 | AD38: =IF(AB38=$G38,1,0) -> 0 | AF38: TO | AG38: =INDEX('Brown tagset'!$B:$B,MATCH(IF(ISERROR(FIND("-",AF38)),IF(ISERROR(FIND("+",AF38)),AF38,LEFT(AF38,FIND("+",AF38)-1)),LEFT(AF38,FIND("-",AF38)-1)),'Brown tagset'!$A:$A,0)) -> infinitive marker to | AH38: PRT | AI38: =INDEX('Brown-Universal mapping'!$B:$B,MATCH(AF38,'Brown-Universal mapping'!$A:$A,0)) -> PRT | AJ38: =IF(AF38=$D38,1,0) -> 1 | AK38: =IF(AI38=$G38,1,0) -> 1 | AM38: =M38+AC38+AJ38 -> 2 | AN38: =N38+AD38+AK38 -> 2 | AP38: =AG38&AM38 -> infinitive marker to2
A39: `` | D39: `` | E39: =INDEX('Brown tagset'!$B:$B,MATCH(IF(ISERROR(FIND("-",D39)),IF(ISERROR(FIND("+",D39)),D39,LEFT(D39,FIND("+",D39)-1)),LEFT(D39,FIND("-",D39)-1)),'Brown tagset'!$A:$A,0)) -> end quotation | G39: =INDEX('Brown-Universal mapping'!$B:$B,MATCH(D39,'Brown-Universal mapping'!$A:$A,0)) -> . | I39: `` | J39: =INDEX('Brown tagset'!$B:$B,MATCH(IF(ISERROR(FIND("-",I39)),IF(ISERROR(FIND("+",I39)),I39,LEFT(I39,FIND("+",I39)-1)),LEFT(I39,FIND("-",I39)-1)),'Brown tagset'!$A:$A,0)) -> end quotation | K39: . | L39: =INDEX('Brown-Universal mapping'!$B:$B,MATCH(I39,'Brown-Universal mapping'!$A:$A,0)) -> . | M39: =IF(I39=$D39,1,0) -> 1 | N39: =IF(L39=$G39,1,0) -> 1 | P39: `` | Q39: `` | R39: =INDEX('Brown tagset'!$B:$B,MATCH(IF(ISERROR(FIND("-",Q39)),IF(ISERROR(FIND("+",Q39)),Q39,LEFT(Q39,FIND("+",Q39)-1)),LEFT(Q39,FIND("-",Q39)-1)),'Brown tagset'!$A:$A,0)) -> end quotation | T39: =INDEX('Brown-Universal mapping'!$B:$B,MATCH(Q39,'Brown-Universal mapping'!$A:$A,0)) -> . | U39: =IF(Q39=$D39,1,0) -> 1 | V39: =IF(T39=$G39,1,0) -> 1 | X39: `` | Y39: `` | Z39: =INDEX('Brown tagset'!$B:$B,MATCH(IF(ISERROR(FIND("-",Y39)),IF(ISERROR(FIND("+",Y39)),Y39,LEFT(Y39,FIND("+",Y39)-1)),LEFT(Y39,FIND("-",Y39)-1)),'Brown tagset'!$A:$A,0)) -> end quotation | AB39: =INDEX('Brown-Universal mapping'!$B:$B,MATCH(Y39,'Brown-Universal mapping'!$A:$A,0)) -> . | AC39: =IF(Y39=$D39,1,0) -> 1 | AD39: =IF(AB39=$G39,1,0) -> 1 | AF39: `` | AG39: =INDEX('Brown tagset'!$B:$B,MATCH(IF(ISERROR(FIND("-",AF39)),IF(ISERROR(FIND("+",AF39)),AF39,LEFT(AF39,FIND("+",AF39)-1)),LEFT(AF39,FIND("-",AF39)-1)),'Brown tagset'!$A:$A,0)) -> end quotation | AH39: . | AI39: =INDEX('Brown-Universal mapping'!$B:$B,MATCH(AF39,'Brown-Universal mapping'!$A:$A,0)) -> . | AJ39: =IF(AF39=$D39,1,0) -> 1 | AK39: =IF(AI39=$G39,1,0) -> 1 | AM39: =M39+AC39+AJ39 -> 3 | AN39: =N39+AD39+AK39 -> 3 | AP39: =AG39&AM39 -> end quotation3
A40: lift | D40: VB | E40: =INDEX('Brown tagset'!$B:$B,MATCH(IF(ISERROR(FIND("-",D40)),IF(ISERROR(FIND("+",D40)),D40,LEFT(D40,FIND("+",D40)-1)),LEFT(D40,FIND("-",D40)-1)),'Brown tagset'!$A:$A,0)) -> verb, base form | G40: =INDEX('Brown-Universal mapping'!$B:$B,MATCH(D40,'Brown-Universal mapping'!$A:$A,0)) -> VERB | I40: VB | J40: =INDEX('Brown tagset'!$B:$B,MATCH(IF(ISERROR(FIND("-",I40)),IF(ISERROR(FIND("+",I40)),I40,LEFT(I40,FIND("+",I40)-1)),LEFT(I40,FIND("-",I40)-1)),'Brown tagset'!$A:$A,0)) -> verb, base form | K40: VERB | L40: =INDEX('Brown-Universal mapping'!$B:$B,MATCH(I40,'Brown-Universal mapping'!$A:$A,0)) -> VERB | M40: =IF(I40=$D40,1,0) -> 1 | N40: =IF(L40=$G40,1,0) -> 1 | P40: lift | Q40: vb | R40: =INDEX('Brown tagset'!$B:$B,MATCH(IF(ISERROR(FIND("-",Q40)),IF(ISERROR(FIND("+",Q40)),Q40,LEFT(Q40,FIND("+",Q40)-1)),LEFT(Q40,FIND("-",Q40)-1)),'Brown tagset'!$A:$A,0)) -> verb, base form | T40: =INDEX('Brown-Universal mapping'!$B:$B,MATCH(Q40,'Brown-Universal mapping'!$A:$A,0)) -> VERB | U40: =IF(Q40=$D40,1,0) -> 1 | V40: =IF(T40=$G40,1,0) -> 1 | X40: lift | Y40: vb | Z40: =INDEX('Brown tagset'!$B:$B,MATCH(IF(ISERROR(FIND("-",Y40)),IF(ISERROR(FIND("+",Y40)),Y40,LEFT(Y40,FIND("+",Y40)-1)),LEFT(Y40,FIND("-",Y40)-1)),'Brown tagset'!$A:$A,0)) -> verb, base form | AB40: VERB | AC40: =IF(Y40=$D40,1,0) -> 1 | AD40: =IF(AB40=$G40,1,0) -> 1 | AF40: VB | AG40: =INDEX('Brown tagset'!$B:$B,MATCH(IF(ISERROR(FIND("-",AF40)),IF(ISERROR(FIND("+",AF40)),AF40,LEFT(AF40,FIND("+",AF40)-1)),LEFT(AF40,FIND("-",AF40)-1)),'Brown tagset'!$A:$A,0)) -> verb, base form | AH40: VERB | AI40: =INDEX('Brown-Universal mapping'!$B:$B,MATCH(AF40,'Brown-Universal mapping'!$A:$A,0)) -> VERB | AJ40: =IF(AF40=$D40,1,0) -> 1 | AK40: =IF(AI40=$G40,1,0) -> 1 | AM40: =M40+AC40+AJ40 -> 3 | AN40: =N40+AD40+AK40 -> 3 | AP40: =AG40&AM40 -> verb, base form3
A41: all | D41: ABN | E41: =INDEX('Brown tagset'!$B:$B,MATCH(IF(ISERROR(FIND("-",D41)),IF(ISERROR(FIND("+",D41)),D41,LEFT(D41,FIND("+",D41)-1)),LEFT(D41,FIND("-",D41)-1)),'Brown tagset'!$A:$A,0)) -> pre-quantifier (half, all) | G41: =INDEX('Brown-Universal mapping'!$B:$B,MATCH(D41,'Brown-Universal mapping'!$A:$A,0)) -> PRT | I41: ABN | J41: =INDEX('Brown tagset'!$B:$B,MATCH(IF(ISERROR(FIND("-",I41)),IF(ISERROR(FIND("+",I41)),I41,LEFT(I41,FIND("+",I41)-1)),LEFT(I41,FIND("-",I41)-1)),'Brown tagset'!$A:$A,0)) -> pre-quantifier (half, all) | K41: X | L41: =INDEX('Brown-Universal mapping'!$B:$B,MATCH(I41,'Brown-Universal mapping'!$A:$A,0)) -> PRT | M41: =IF(I41=$D41,1,0) -> 1 | N41: =IF(L41=$G41,1,0) -> 1 | P41: all | Q41: abn | R41: =INDEX('Brown tagset'!$B:$B,MATCH(IF(ISERROR(FIND("-",Q41)),IF(ISERROR(FIND("+",Q41)),Q41,LEFT(Q41,FIND("+",Q41)-1)),LEFT(Q41,FIND("-",Q41)-1)),'Brown tagset'!$A:$A,0)) -> pre-quantifier (half, all) | T41: =INDEX('Brown-Universal mapping'!$B:$B,MATCH(Q41,'Brown-Universal mapping'!$A:$A,0)) -> PRT | U41: =IF(Q41=$D41,1,0) -> 1 | V41: =IF(T41=$G41,1,0) -> 1 | X41: all | Y41: abn | Z41: =INDEX('Brown tagset'!$B:$B,MATCH(IF(ISERROR(FIND("-",Y41)),IF(ISERROR(FIND("+",Y41)),Y41,LEFT(Y41,FIND("+",Y41)-1)),LEFT(Y41,FIND("-",Y41)-1)),'Brown tagset'!$A:$A,0)) -> pre-quantifier (half, all) | AB41: =INDEX('Brown-Universal mapping'!$B:$B,MATCH(Y41,'Brown-Universal mapping'!$A:$A,0)) -> PRT | AC41: =IF(Y41=$D41,1,0) -> 1 | AD41: =IF(AB41=$G41,1,0) -> 1 | AF41: ABN | AG41: =INDEX('Brown tagset'!$B:$B,MATCH(IF(ISERROR(FIND("-",AF41)),IF(ISERROR(FIND("+",AF41)),AF41,LEFT(AF41,FIND("+",AF41)-1)),LEFT(AF41,FIND("-",AF41)-1)),'Brown tagset'!$A:$A,0)) -> pre-quantifier (half, all) | AH41: X | AI41: =INDEX('Brown-Universal mapping'!$B:$B,MATCH(AF41,'Brown-Universal mapping'!$A:$A,0)) -> PRT | AJ41: =IF(AF41=$D41,1,0) -> 1 | AK41: =IF(AI41=$G41,1,0) -> 1 | AM41: =M41+AC41+AJ41 -> 3 | AN41: =N41+AD41+AK41 -> 3 | AP41: =AG41&AM41 -> pre-quantifier (half, all)3
A42: those | D42: DTS | E42: =INDEX('Brown tagset'!$B:$B,MATCH(IF(ISERROR(FIND("-",D42)),IF(ISERROR(FIND("+",D42)),D42,LEFT(D42,FIND("+",D42)-1)),LEFT(D42,FIND("-",D42)-1)),'Brown tagset'!$A:$A,0)) -> plural determiner (these, those) | G42: =INDEX('Brown-Universal mapping'!$B:$B,MATCH(D42,'Brown-Universal mapping'!$A:$A,0)) -> DET | I42: DTS | J42: =INDEX('Brown tagset'!$B:$B,MATCH(IF(ISERROR(FIND("-",I42)),IF(ISERROR(FIND("+",I42)),I42,LEFT(I42,FIND("+",I42)-1)),LEFT(I42,FIND("-",I42)-1)),'Brown tagset'!$A:$A,0)) -> plural determiner (these, those) | K42: X | L42: =INDEX('Brown-Universal mapping'!$B:$B,MATCH(I42,'Brown-Universal mapping'!$A:$A,0)) -> DET | M42: =IF(I42=$D42,1,0) -> 1 | N42: =IF(L42=$G42,1,0) -> 1 | P42: those | Q42: dts | R42: =INDEX('Brown tagset'!$B:$B,MATCH(IF(ISERROR(FIND("-",Q42)),IF(ISERROR(FIND("+",Q42)),Q42,LEFT(Q42,FIND("+",Q42)-1)),LEFT(Q42,FIND("-",Q42)-1)),'Brown tagset'!$A:$A,0)) -> plural determiner (these, those) | T42: =INDEX('Brown-Universal mapping'!$B:$B,MATCH(Q42,'Brown-Universal mapping'!$A:$A,0)) -> DET | U42: =IF(Q42=$D42,1,0) -> 1 | V42: =IF(T42=$G42,1,0) -> 1 | X42: those | Y42: dts | Z42: =INDEX('Brown tagset'!$B:$B,MATCH(IF(ISERROR(FIND("-",Y42)),IF(ISERROR(FIND("+",Y42)),Y42,LEFT(Y42,FIND("+",Y42)-1)),LEFT(Y42,FIND("-",Y42)-1)),'Brown tagset'!$A:$A,0)) -> plural determiner (these, those) | AB42: =INDEX('Brown-Universal mapping'!$B:$B,MATCH(Y42,'Brown-Universal mapping'!$A:$A,0)) -> DET | AC42: =IF(Y42=$D42,1,0) -> 1 | AD42: =IF(AB42=$G42,1,0) -> 1 | AF42: DTS | AG42: =INDEX('Brown tagset'!$B:$B,MATCH(IF(ISERROR(FIND("-",AF42)),IF(ISERROR(FIND("+",AF42)),AF42,LEFT(AF42,FIND("+",AF42)-1)),LEFT(AF42,FIND("-",AF42)-1)),'Brown tagset'!$A:$A,0)) -> plural determiner (these, those) | AH42: X | AI42: =INDEX('Brown-Universal mapping'!$B:$B,MATCH(AF42,'Brown-Universal mapping'!$A:$A,0)) -> DET | AJ42: =IF(AF42=$D42,1,0) -> 1 | AK42: =IF(AI42=$G42,1,0) -> 1 | AM42: =M42+AC42+AJ42 -> 3 | AN42: =N42+AD42+AK42 -> 3 | AP42: =AG42&AM42 -> plural determiner (these, those)3
A43: old | D43: JJ | E43: =INDEX('Brown tagset'!$B:$B,MATCH(IF(ISERROR(FIND("-",D43)),IF(ISERROR(FIND("+",D43)),D43,LEFT(D43,FIND("+",D43)-1)),LEFT(D43,FIND("-",D43)-1)),'Brown tagset'!$A:$A,0)) -> adjective | G43: =INDEX('Brown-Universal mapping'!$B:$B,MATCH(D43,'Brown-Universal mapping'!$A:$A,0)) -> ADJ | I43: JJ | J43: =INDEX('Brown tagset'!$B:$B,MATCH(IF(ISERROR(FIND("-",I43)),IF(ISERROR(FIND("+",I43)),I43,LEFT(I43,FIND("+",I43)-1)),LEFT(I43,FIND("-",I43)-1)),'Brown tagset'!$A:$A,0)) -> adjective | K43: ADJ | L43: =INDEX('Brown-Universal mapping'!$B:$B,MATCH(I43,'Brown-Universal mapping'!$A:$A,0)) -> ADJ | M43: =IF(I43=$D43,1,0) -> 1 | N43: =IF(L43=$G43,1,0) -> 1 | P43: old | Q43: jj | R43: =INDEX('Brown tagset'!$B:$B,MATCH(IF(ISERROR(FIND("-",Q43)),IF(ISERROR(FIND("+",Q43)),Q43,LEFT(Q43,FIND("+",Q43)-1)),LEFT(Q43,FIND("-",Q43)-1)),'Brown tagset'!$A:$A,0)) -> adjective | T43: =INDEX('Brown-Universal mapping'!$B:$B,MATCH(Q43,'Brown-Universal mapping'!$A:$A,0)) -> ADJ | U43: =IF(Q43=$D43,1,0) -> 1 | V43: =IF(T43=$G43,1,0) -> 1 | X43: old | Y43: jj | Z43: =INDEX('Brown tagset'!$B:$B,MATCH(IF(ISERROR(FIND("-",Y43)),IF(ISERROR(FIND("+",Y43)),Y43,LEFT(Y43,FIND("+",Y43)-1)),LEFT(Y43,FIND("-",Y43)-1)),'Brown tagset'!$A:$A,0)) -> adjective | AB43: =INDEX('Brown-Universal mapping'!$B:$B,MATCH(Y43,'Brown-Universal mapping'!$A:$A,0)) -> ADJ | AC43: =IF(Y43=$D43,1,0) -> 1 | AD43: =IF(AB43=$G43,1,0) -> 1 | AF43: JJ | AG43: =INDEX('Brown tagset'!$B:$B,MATCH(IF(ISERROR(FIND("-",AF43)),IF(ISERROR(FIND("+",AF43)),AF43,LEFT(AF43,FIND("+",AF43)-1)),LEFT(AF43,FIND("-",AF43)-1)),'Brown tagset'!$A:$A,0)) -> adjective | AH43: ADJ | AI43: =INDEX('Brown-Universal mapping'!$B:$B,MATCH(AF43,'Brown-Universal mapping'!$A:$A,0)) -> ADJ | AJ43: =IF(AF43=$D43,1,0) -> 1 | AK43: =IF(AI43=$G43,1,0) -> 1 | AM43: =M43+AC43+AJ43 -> 3 | AN43: =N43+AD43+AK43 -> 3 | AP43: =AG43&AM43 -> adjective3
A44: barbell | D44: NN | E44: =INDEX('Brown tagset'!$B:$B,MATCH(IF(ISERROR(FIND("-",D44)),IF(ISERROR(FIND("+",D44)),D44,LEFT(D44,FIND("+",D44)-1)),LEFT(D44,FIND("-",D44)-1)),'Brown tagset'!$A:$A,0)) -> singular or mass noun | G44: =INDEX('Brown-Universal mapping'!$B:$B,MATCH(D44,'Brown-Universal mapping'!$A:$A,0)) -> NOUN | I44: JJ | J44: =INDEX('Brown tagset'!$B:$B,MATCH(IF(ISERROR(FIND("-",I44)),IF(ISERROR(FIND("+",I44)),I44,LEFT(I44,FIND("+",I44)-1)),LEFT(I44,FIND("-",I44)-1)),'Brown tagset'!$A:$A,0)) -> adjective | K44: ADJ | L44: =INDEX('Brown-Universal mapping'!$B:$B,MATCH(I44,'Brown-Universal mapping'!$A:$A,0)) -> ADJ | M44: =IF(I44=$D44,1,0) -> 0 | N44: =IF(L44=$G44,1,0) -> 0 | P44: barbell | Q44: nn | R44: =INDEX('Brown tagset'!$B:$B,MATCH(IF(ISERROR(FIND("-",Q44)),IF(ISERROR(FIND("+",Q44)),Q44,LEFT(Q44,FIND("+",Q44)-1)),LEFT(Q44,FIND("-",Q44)-1)),'Brown tagset'!$A:$A,0)) -> singular or mass noun | T44: =INDEX('Brown-Universal mapping'!$B:$B,MATCH(Q44,'Brown-Universal mapping'!$A:$A,0)) -> NOUN | U44: =IF(Q44=$D44,1,0) -> 1 | V44: =IF(T44=$G44,1,0) -> 1 | X44: barbell | Y44: nn | Z44: =INDEX('Brown tagset'!$B:$B,MATCH(IF(ISERROR(FIND("-",Y44)),IF(ISERROR(FIND("+",Y44)),Y44,LEFT(Y44,FIND("+",Y44)-1)),LEFT(Y44,FIND("-",Y44)-1)),'Brown tagset'!$A:$A,0)) -> singular or mass noun | AB44: =INDEX('Brown-Universal mapping'!$B:$B,MATCH(Y44,'Brown-Universal mapping'!$A:$A,0)) -> NOUN | AC44: =IF(Y44=$D44,1,0) -> 1 | AD44: =IF(AB44=$G44,1,0) -> 1 | AF44: Unk | AG44: =INDEX('Brown tagset'!$B:$B,MATCH(IF(ISERROR(FIND("-",AF44)),IF(ISERROR(FIND("+",AF44)),AF44,LEFT(AF44,FIND("+",AF44)-1)),LEFT(AF44,FIND("-",AF44)-1)),'Brown tagset'!$A:$A,0)) -> unknown | AH44: X | AI44: =INDEX('Brown-Universal mapping'!$B:$B,MATCH(AF44,'Brown-Universal mapping'!$A:$A,0)) -> Unknown | AJ44: =IF(AF44=$D44,1,0) -> 0 | AK44: =IF(AI44=$G44,1,0) -> 0 | AM44: =M44+AC44+AJ44 -> 1 | AN44: =N44+AD44+AK44 -> 1 | AP44: =AG44&AM44 -> unknown1
A45: things | D45: NNS | E45: =INDEX('Brown tagset'!$B:$B,MATCH(IF(ISERROR(FIND("-",D45)),IF(ISERROR(FIND("+",D45)),D45,LEFT(D45,FIND("+",D45)-1)),LEFT(D45,FIND("-",D45)-1)),'Brown tagset'!$A:$A,0)) -> plural noun | G45: =INDEX('Brown-Universal mapping'!$B:$B,MATCH(D45,'Brown-Universal mapping'!$A:$A,0)) -> NOUN | I45: NNS | J45: =INDEX('Brown tagset'!$B:$B,MATCH(IF(ISERROR(FIND("-",I45)),IF(ISERROR(FIND("+",I45)),I45,LEFT(I45,FIND("+",I45)-1)),LEFT(I45,FIND("-",I45)-1)),'Brown tagset'!$A:$A,0)) -> plural noun | K45: NOUN | L45: =INDEX('Brown-Universal mapping'!$B:$B,MATCH(I45,'Brown-Universal mapping'!$A:$A,0)) -> NOUN | M45: =IF(I45=$D45,1,0) -> 1 | N45: =IF(L45=$G45,1,0) -> 1 | P45: things | Q45: nns | R45: =INDEX('Brown tagset'!$B:$B,MATCH(IF(ISERROR(FIND("-",Q45)),IF(ISERROR(FIND("+",Q45)),Q45,LEFT(Q45,FIND("+",Q45)-1)),LEFT(Q45,FIND("-",Q45)-1)),'Brown tagset'!$A:$A,0)) -> plural noun | T45: =INDEX('Brown-Universal mapping'!$B:$B,MATCH(Q45,'Brown-Universal mapping'!$A:$A,0)) -> NOUN | U45: =IF(Q45=$D45,1,0) -> 1 | V45: =IF(T45=$G45,1,0) -> 1 | X45: things | Y45: nns | Z45: =INDEX('Brown tagset'!$B:$B,MATCH(IF(ISERROR(FIND("-",Y45)),IF(ISERROR(FIND("+",Y45)),Y45,LEFT(Y45,FIND("+",Y45)-1)),LEFT(Y45,FIND("-",Y45)-1)),'Brown tagset'!$A:$A,0)) -> plural noun | AB45: =INDEX('Brown-Universal mapping'!$B:$B,MATCH(Y45,'Brown-Universal mapping'!$A:$A,0)) -> NOUN | AC45: =IF(Y45=$D45,1,0) -> 1 | AD45: =IF(AB45=$G45,1,0) -> 1 | AF45: NNS | AG45: =INDEX('Brown tagset'!$B:$B,MATCH(IF(ISERROR(FIND("-",AF45)),IF(ISERROR(FIND("+",AF45)),AF45,LEFT(AF45,FIND("+",AF45)-1)),LEFT(AF45,FIND("-",AF45)-1)),'Brown tagset'!$A:$A,0)) -> plural noun | AH45: NOUN | AI45: =INDEX('Brown-Universal mapping'!$B:$B,MATCH(AF45,'Brown-Universal mapping'!$A:$A,0)) -> NOUN | AJ45: =IF(AF45=$D45,1,0) -> 1 | AK45: =IF(AI45=$G45,1,0) -> 1 | AM45: =M45+AC45+AJ45 -> 3 | AN45: =N45+AD45+AK45 -> 3 | AP45: =AG45&AM45 -> plural noun3
A46: '' | D46: '' | E46: =INDEX('Brown tagset'!$B:$B,MATCH(IF(ISERROR(FIND("-",D46)),IF(ISERROR(FIND("+",D46)),D46,LEFT(D46,FIND("+",D46)-1)),LEFT(D46,FIND("-",D46)-1)),'Brown tagset'!$A:$A,0)) -> begin quotation | G46: =INDEX('Brown-Universal mapping'!$B:$B,MATCH(D46,'Brown-Universal mapping'!$A:$A,0)) -> . | I46: '' | J46: =INDEX('Brown tagset'!$B:$B,MATCH(IF(ISERROR(FIND("-",I46)),IF(ISERROR(FIND("+",I46)),I46,LEFT(I46,FIND("+",I46)-1)),LEFT(I46,FIND("-",I46)-1)),'Brown tagset'!$A:$A,0)) -> begin quotation | K46: . | L46: =INDEX('Brown-Universal mapping'!$B:$B,MATCH(I46,'Brown-Universal mapping'!$A:$A,0)) -> . | M46: =IF(I46=$D46,1,0) -> 1 | N46: =IF(L46=$G46,1,0) -> 1 | P46: '' | Q46: '' | R46: =INDEX('Brown tagset'!$B:$B,MATCH(IF(ISERROR(FIND("-",Q46)),IF(ISERROR(FIND("+",Q46)),Q46,LEFT(Q46,FIND("+",Q46)-1)),LEFT(Q46,FIND("-",Q46)-1)),'Brown tagset'!$A:$A,0)) -> begin quotation | T46: =INDEX('Brown-Universal mapping'!$B:$B,MATCH(Q46,'Brown-Universal mapping'!$A:$A,0)) -> . | U46: =IF(Q46=$D46,1,0) -> 1 | V46: =IF(T46=$G46,1,0) -> 1 | X46: '' | Y46: '' | Z46: =INDEX('Brown tagset'!$B:$B,MATCH(IF(ISERROR(FIND("-",Y46)),IF(ISERROR(FIND("+",Y46)),Y46,LEFT(Y46,FIND("+",Y46)-1)),LEFT(Y46,FIND("-",Y46)-1)),'Brown tagset'!$A:$A,0)) -> begin quotation | AB46: =INDEX('Brown-Universal mapping'!$B:$B,MATCH(Y46,'Brown-Universal mapping'!$A:$A,0)) -> . | AC46: =IF(Y46=$D46,1,0) -> 1 | AD46: =IF(AB46=$G46,1,0) -> 1 | AF46: '' | AG46: =INDEX('Brown tagset'!$B:$B,MATCH(IF(ISERROR(FIND("-",AF46)),IF(ISERROR(FIND("+",AF46)),AF46,LEFT(AF46,FIND("+",AF46)-1)),LEFT(AF46,FIND("-",AF46)-1)),'Brown tagset'!$A:$A,0)) -> begin quotation | AH46: . | AI46: =INDEX('Brown-Universal mapping'!$B:$B,MATCH(AF46,'Brown-Universal mapping'!$A:$A,0)) -> . | AJ46: =IF(AF46=$D46,1,0) -> 1 | AK46: =IF(AI46=$G46,1,0) -> 1 | AM46: =M46+AC46+AJ46 -> 3 | AN46: =N46+AD46+AK46 -> 3 | AP46: =AG46&AM46 -> begin quotation3
A47: because | D47: CS | E47: =INDEX('Brown tagset'!$B:$B,MATCH(IF(ISERROR(FIND("-",D47)),IF(ISERROR(FIND("+",D47)),D47,LEFT(D47,FIND("+",D47)-1)),LEFT(D47,FIND("-",D47)-1)),'Brown tagset'!$A:$A,0)) -> subordinating conjunction (if, although) | G47: =INDEX('Brown-Universal mapping'!$B:$B,MATCH(D47,'Brown-Universal mapping'!$A:$A,0)) -> ADP | I47: CS | J47: =INDEX('Brown tagset'!$B:$B,MATCH(IF(ISERROR(FIND("-",I47)),IF(ISERROR(FIND("+",I47)),I47,LEFT(I47,FIND("+",I47)-1)),LEFT(I47,FIND("-",I47)-1)),'Brown tagset'!$A:$A,0)) -> subordinating conjunction (if, although) | K47: X | L47: =INDEX('Brown-Universal mapping'!$B:$B,MATCH(I47,'Brown-Universal mapping'!$A:$A,0)) -> ADP | M47: =IF(I47=$D47,1,0) -> 1 | N47: =IF(L47=$G47,1,0) -> 1 | P47: because | Q47: cs | R47: =INDEX('Brown tagset'!$B:$B,MATCH(IF(ISERROR(FIND("-",Q47)),IF(ISERROR(FIND("+",Q47)),Q47,LEFT(Q47,FIND("+",Q47)-1)),LEFT(Q47,FIND("-",Q47)-1)),'Brown tagset'!$A:$A,0)) -> subordinating conjunction (if, although) | T47: =INDEX('Brown-Universal mapping'!$B:$B,MATCH(Q47,'Brown-Universal mapping'!$A:$A,0)) -> ADP | U47: =IF(Q47=$D47,1,0) -> 1 | V47: =IF(T47=$G47,1,0) -> 1 | X47: because | Y47: cs | Z47: =INDEX('Brown tagset'!$B:$B,MATCH(IF(ISERROR(FIND("-",Y47)),IF(ISERROR(FIND("+",Y47)),Y47,LEFT(Y47,FIND("+",Y47)-1)),LEFT(Y47,FIND("-",Y47)-1)),'Brown tagset'!$A:$A,0)) -> subordinating conjunction (if, although) | AB47: adp | AC47: =IF(Y47=$D47,1,0) -> 1 | AD47: =IF(AB47=$G47,1,0) -> 1 | AF47: CS | AG47: =INDEX('Brown tagset'!$B:$B,MATCH(IF(ISERROR(FIND("-",AF47)),IF(ISERROR(FIND("+",AF47)),AF47,LEFT(AF47,FIND("+",AF47)-1)),LEFT(AF47,FIND("-",AF47)-1)),'Brown tagset'!$A:$A,0)) -> subordinating conjunction (if, although) | AH47: X | AI47: =INDEX('Brown-Universal mapping'!$B:$B,MATCH(AF47,'Brown-Universal mapping'!$A:$A,0)) -> ADP | AJ47: =IF(AF47=$D47,1,0) -> 1 | AK47: =IF(AI47=$G47,1,0) -> 1 | AM47: =M47+AC47+AJ47 -> 3 | AN47: =N47+AD47+AK47 -> 3 | AP47: =AG47&AM47 -> subordinating conjunction (if, although)3
A48: `` | D48: `` | E48: =INDEX('Brown tagset'!$B:$B,MATCH(IF(ISERROR(FIND("-",D48)),IF(ISERROR(FIND("+",D48)),D48,LEFT(D48,FIND("+",D48)-1)),LEFT(D48,FIND("-",D48)-1)),'Brown tagset'!$A:$A,0)) -> end quotation | G48: =INDEX('Brown-Universal mapping'!$B:$B,MATCH(D48,'Brown-Universal mapping'!$A:$A,0)) -> . | I48: `` | J48: =INDEX('Brown tagset'!$B:$B,MATCH(IF(ISERROR(FIND("-",I48)),IF(ISERROR(FIND("+",I48)),I48,LEFT(I48,FIND("+",I48)-1)),LEFT(I48,FIND("-",I48)-1)),'Brown tagset'!$A:$A,0)) -> end quotation | K48: . | L48: =INDEX('Brown-Universal mapping'!$B:$B,MATCH(I48,'Brown-Universal mapping'!$A:$A,0)) -> . | M48: =IF(I48=$D48,1,0) -> 1 | N48: =IF(L48=$G48,1,0) -> 1 | P48: `` | Q48: `` | R48: =INDEX('Brown tagset'!$B:$B,MATCH(IF(ISERROR(FIND("-",Q48)),IF(ISERROR(FIND("+",Q48)),Q48,LEFT(Q48,FIND("+",Q48)-1)),LEFT(Q48,FIND("-",Q48)-1)),'Brown tagset'!$A:$A,0)) -> end quotation | T48: =INDEX('Brown-Universal mapping'!$B:$B,MATCH(Q48,'Brown-Universal mapping'!$A:$A,0)) -> . | U48: =IF(Q48=$D48,1,0) -> 1 | V48: =IF(T48=$G48,1,0) -> 1 | X48: `` | Y48: `` | Z48: =INDEX('Brown tagset'!$B:$B,MATCH(IF(ISERROR(FIND("-",Y48)),IF(ISERROR(FIND("+",Y48)),Y48,LEFT(Y48,FIND("+",Y48)-1)),LEFT(Y48,FIND("-",Y48)-1)),'Brown tagset'!$A:$A,0)) -> end quotation | AB48: =INDEX('Brown-Universal mapping'!$B:$B,MATCH(Y48,'Brown-Universal mapping'!$A:$A,0)) -> . | AC48: =IF(Y48=$D48,1,0) -> 1 | AD48: =IF(AB48=$G48,1,0) -> 1 | AF48: `` | AG48: =INDEX('Brown tagset'!$B:$B,MATCH(IF(ISERROR(FIND("-",AF48)),IF(ISERROR(FIND("+",AF48)),AF48,LEFT(AF48,FIND("+",AF48)-1)),LEFT(AF48,FIND("-",AF48)-1)),'Brown tagset'!$A:$A,0)) -> end quotation | AH48: . | AI48: =INDEX('Brown-Universal mapping'!$B:$B,MATCH(AF48,'Brown-Universal mapping'!$A:$A,0)) -> . | AJ48: =IF(AF48=$D48,1,0) -> 1 | AK48: =IF(AI48=$G48,1,0) -> 1 | AM48: =M48+AC48+AJ48 -> 3 | AN48: =N48+AD48+AK48 -> 3 | AP48: =AG48&AM48 -> end quotation3
A49: you'll | D49: PPSS+MD | E49: =INDEX('Brown tagset'!$B:$B,MATCH(IF(ISERROR(FIND("-",D49)),IF(ISERROR(FIND("+",D49)),D49,LEFT(D49,FIND("+",D49)-1)),LEFT(D49,FIND("-",D49)-1)),'Brown tagset'!$A:$A,0)) -> other nominative personal pronoun (I, we, they, you) | G49: =INDEX('Brown-Universal mapping'!$B:$B,MATCH(D49,'Brown-Universal mapping'!$A:$A,0)) -> PRT | I49: PPSS+MD | J49: =INDEX('Brown tagset'!$B:$B,MATCH(IF(ISERROR(FIND("-",I49)),IF(ISERROR(FIND("+",I49)),I49,LEFT(I49,FIND("+",I49)-1)),LEFT(I49,FIND("-",I49)-1)),'Brown tagset'!$A:$A,0)) -> other nominative personal pronoun (I, we, they, you) | K49: X | L49: =INDEX('Brown-Universal mapping'!$B:$B,MATCH(I49,'Brown-Universal mapping'!$A:$A,0)) -> PRT | M49: =IF(I49=$D49,1,0) -> 1 | N49: =IF(L49=$G49,1,0) -> 1 | P49: you | Q49: ppss | R49: =INDEX('Brown tagset'!$B:$B,MATCH(IF(ISERROR(FIND("-",Q49)),IF(ISERROR(FIND("+",Q49)),Q49,LEFT(Q49,FIND("+",Q49)-1)),LEFT(Q49,FIND("-",Q49)-1)),'Brown tagset'!$A:$A,0)) -> other nominative personal pronoun (I, we, they, you) | T49: =INDEX('Brown-Universal mapping'!$B:$B,MATCH(Q49,'Brown-Universal mapping'!$A:$A,0)) -> PRON | U49: =IF(Q49=$D49,1,0) -> 0 | V49: =IF(T49=$G49,1,0) -> 0 | X49: you'll | Y49: ppss+md | Z49: =INDEX('Brown tagset'!$B:$B,MATCH(IF(ISERROR(FIND("-",Y49)),IF(ISERROR(FIND("+",Y49)),Y49,LEFT(Y49,FIND("+",Y49)-1)),LEFT(Y49,FIND("-",Y49)-1)),'Brown tagset'!$A:$A,0)) -> other nominative personal pronoun (I, we, they, you) | AB49: PRT | AC49: =IF(Y49=$D49,1,0) -> 1 | AD49: =IF(AB49=$G49,1,0) -> 1 | AF49: PPSS+MD | AG49: =INDEX('Brown tagset'!$B:$B,MATCH(IF(ISERROR(FIND("-",AF49)),IF(ISERROR(FIND("+",AF49)),AF49,LEFT(AF49,FIND("+",AF49)-1)),LEFT(AF49,FIND("-",AF49)-1)),'Brown tagset'!$A:$A,0)) -> other nominative personal pronoun (I, we, they, you) | AH49: X | AI49: =INDEX('Brown-Universal mapping'!$B:$B,MATCH(AF49,'Brown-Universal mapping'!$A:$A,0)) -> PRT | AJ49: =IF(AF49=$D49,1,0) -> 1 | AK49: =IF(AI49=$G49,1,0) -> 1 | AM49: =M49+AC49+AJ49 -> 3 | AN49: =N49+AD49+AK49 -> 3 | AP49: =AG49&AM49 -> other nominative personal pronoun (I, we, they, you)3
A50: stunt | D50: VB | E50: =INDEX('Brown tagset'!$B:$B,MATCH(IF(ISERROR(FIND("-",D50)),IF(ISERROR(FIND("+",D50)),D50,LEFT(D50,FIND("+",D50)-1)),LEFT(D50,FIND("-",D50)-1)),'Brown tagset'!$A:$A,0)) -> verb, base form | G50: =INDEX('Brown-Universal mapping'!$B:$B,MATCH(D50,'Brown-Universal mapping'!$A:$A,0)) -> VERB | I50: VB | J50: =INDEX('Brown tagset'!$B:$B,MATCH(IF(ISERROR(FIND("-",I50)),IF(ISERROR(FIND("+",I50)),I50,LEFT(I50,FIND("+",I50)-1)),LEFT(I50,FIND("-",I50)-1)),'Brown tagset'!$A:$A,0)) -> verb, base form | K50: VERB | L50: =INDEX('Brown-Universal mapping'!$B:$B,MATCH(I50,'Brown-Universal mapping'!$A:$A,0)) -> VERB | M50: =IF(I50=$D50,1,0) -> 1 | N50: =IF(L50=$G50,1,0) -> 1 | P50: stunt | Q50: jj | R50: =INDEX('Brown tagset'!$B:$B,MATCH(IF(ISERROR(FIND("-",Q50)),IF(ISERROR(FIND("+",Q50)),Q50,LEFT(Q50,FIND("+",Q50)-1)),LEFT(Q50,FIND("-",Q50)-1)),'Brown tagset'!$A:$A,0)) -> adjective | T50: =INDEX('Brown-Universal mapping'!$B:$B,MATCH(Q50,'Brown-Universal mapping'!$A:$A,0)) -> ADJ | U50: =IF(Q50=$D50,1,0) -> 0 | V50: =IF(T50=$G50,1,0) -> 0 | X50: stunt | Y50: vb | Z50: =INDEX('Brown tagset'!$B:$B,MATCH(IF(ISERROR(FIND("-",Y50)),IF(ISERROR(FIND("+",Y50)),Y50,LEFT(Y50,FIND("+",Y50)-1)),LEFT(Y50,FIND("-",Y50)-1)),'Brown tagset'!$A:$A,0)) -> verb, base form | AB50: =INDEX('Brown-Universal mapping'!$B:$B,MATCH(Y50,'Brown-Universal mapping'!$A:$A,0)) -> VERB | AC50: =IF(Y50=$D50,1,0) -> 1 | AD50: =IF(AB50=$G50,1,0) -> 1 | AF50: Unk | AG50: =INDEX('Brown tagset'!$B:$B,MATCH(IF(ISERROR(FIND("-",AF50)),IF(ISERROR(FIND("+",AF50)),AF50,LEFT(AF50,FIND("+",AF50)-1)),LEFT(AF50,FIND("-",AF50)-1)),'Brown tagset'!$A:$A,0)) -> unknown | AH50: X | AI50: =INDEX('Brown-Universal mapping'!$B:$B,MATCH(AF50,'Brown-Universal mapping'!$A:$A,0)) -> Unknown | AJ50: =IF(AF50=$D50,1,0) -> 0 | AK50: =IF(AI50=$G50,1,0) -> 0 | AM50: =M50+AC50+AJ50 -> 2 | AN50: =N50+AD50+AK50 -> 2 | AP50: =AG50&AM50 -> unknown2
A51: your | D51: PP$ | E51: =INDEX('Brown tagset'!$B:$B,MATCH(IF(ISERROR(FIND("-",D51)),IF(ISERROR(FIND("+",D51)),D51,LEFT(D51,FIND("+",D51)-1)),LEFT(D51,FIND("-",D51)-1)),'Brown tagset'!$A:$A,0)) -> possessive personal pronoun (my, our) | G51: =INDEX('Brown-Universal mapping'!$B:$B,MATCH(D51,'Brown-Universal mapping'!$A:$A,0)) -> DET | I51: PP$ | J51: =INDEX('Brown tagset'!$B:$B,MATCH(IF(ISERROR(FIND("-",I51)),IF(ISERROR(FIND("+",I51)),I51,LEFT(I51,FIND("+",I51)-1)),LEFT(I51,FIND("-",I51)-1)),'Brown tagset'!$A:$A,0)) -> possessive personal pronoun (my, our) | K51: X | L51: =INDEX('Brown-Universal mapping'!$B:$B,MATCH(I51,'Brown-Universal mapping'!$A:$A,0)) -> DET | M51: =IF(I51=$D51,1,0) -> 1 | N51: =IF(L51=$G51,1,0) -> 1 | P51: your | Q51: pp$ | R51: =INDEX('Brown tagset'!$B:$B,MATCH(IF(ISERROR(FIND("-",Q51)),IF(ISERROR(FIND("+",Q51)),Q51,LEFT(Q51,FIND("+",Q51)-1)),LEFT(Q51,FIND("-",Q51)-1)),'Brown tagset'!$A:$A,0)) -> possessive personal pronoun (my, our) | T51: =INDEX('Brown-Universal mapping'!$B:$B,MATCH(Q51,'Brown-Universal mapping'!$A:$A,0)) -> DET | U51: =IF(Q51=$D51,1,0) -> 1 | V51: =IF(T51=$G51,1,0) -> 1 | X51: your | Y51: pp$ | Z51: =INDEX('Brown tagset'!$B:$B,MATCH(IF(ISERROR(FIND("-",Y51)),IF(ISERROR(FIND("+",Y51)),Y51,LEFT(Y51,FIND("+",Y51)-1)),LEFT(Y51,FIND("-",Y51)-1)),'Brown tagset'!$A:$A,0)) -> possessive personal pronoun (my, our) | AB51: DET | AC51: =IF(Y51=$D51,1,0) -> 1 | AD51: =IF(AB51=$G51,1,0) -> 1 | AF51: PP$ | AG51: =INDEX('Brown tagset'!$B:$B,MATCH(IF(ISERROR(FIND("-",AF51)),IF(ISERROR(FIND("+",AF51)),AF51,LEFT(AF51,FIND("+",AF51)-1)),LEFT(AF51,FIND("-",AF51)-1)),'Brown tagset'!$A:$A,0)) -> possessive personal pronoun (my, our) | AH51: X | AI51: =INDEX('Brown-Universal mapping'!$B:$B,MATCH(AF51,'Brown-Universal mapping'!$A:$A,0)) -> DET | AJ51: =IF(AF51=$D51,1,0) -> 1 | AK51: =IF(AI51=$G51,1,0) -> 1 | AM51: =M51+AC51+AJ51 -> 3 | AN51: =N51+AD51+AK51 -> 3 | AP51: =AG51&AM51 -> possessive personal pronoun (my, our)3
A52: growth | D52: NN | E52: =INDEX('Brown tagset'!$B:$B,MATCH(IF(ISERROR(FIND("-",D52)),IF(ISERROR(FIND("+",D52)),D52,LEFT(D52,FIND("+",D52)-1)),LEFT(D52,FIND("-",D52)-1)),'Brown tagset'!$A:$A,0)) -> singular or mass noun | G52: =INDEX('Brown-Universal mapping'!$B:$B,MATCH(D52,'Brown-Universal mapping'!$A:$A,0)) -> NOUN | I52: NN | J52: =INDEX('Brown tagset'!$B:$B,MATCH(IF(ISERROR(FIND("-",I52)),IF(ISERROR(FIND("+",I52)),I52,LEFT(I52,FIND("+",I52)-1)),LEFT(I52,FIND("-",I52)-1)),'Brown tagset'!$A:$A,0)) -> singular or mass noun | K52: NOUN | L52: =INDEX('Brown-Universal mapping'!$B:$B,MATCH(I52,'Brown-Universal mapping'!$A:$A,0)) -> NOUN | M52: =IF(I52=$D52,1,0) -> 1 | N52: =IF(L52=$G52,1,0) -> 1 | P52: growth | Q52: nn | R52: =INDEX('Brown tagset'!$B:$B,MATCH(IF(ISERROR(FIND("-",Q52)),IF(ISERROR(FIND("+",Q52)),Q52,LEFT(Q52,FIND("+",Q52)-1)),LEFT(Q52,FIND("-",Q52)-1)),'Brown tagset'!$A:$A,0)) -> singular or mass noun | T52: =INDEX('Brown-Universal mapping'!$B:$B,MATCH(Q52,'Brown-Universal mapping'!$A:$A,0)) -> NOUN | U52: =IF(Q52=$D52,1,0) -> 1 | V52: =IF(T52=$G52,1,0) -> 1 | X52: growth | Y52: nn | Z52: =INDEX('Brown tagset'!$B:$B,MATCH(IF(ISERROR(FIND("-",Y52)),IF(ISERROR(FIND("+",Y52)),Y52,LEFT(Y52,FIND("+",Y52)-1)),LEFT(Y52,FIND("-",Y52)-1)),'Brown tagset'!$A:$A,0)) -> singular or mass noun | AB52: =INDEX('Brown-Universal mapping'!$B:$B,MATCH(Y52,'Brown-Universal mapping'!$A:$A,0)) -> NOUN | AC52: =IF(Y52=$D52,1,0) -> 1 | AD52: =IF(AB52=$G52,1,0) -> 1 | AF52: NN | AG52: =INDEX('Brown tagset'!$B:$B,MATCH(IF(ISERROR(FIND("-",AF52)),IF(ISERROR(FIND("+",AF52)),AF52,LEFT(AF52,FIND("+",AF52)-1)),LEFT(AF52,FIND("-",AF52)-1)),'Brown tagset'!$A:$A,0)) -> singular or mass noun | AH52: NOUN | AI52: =INDEX('Brown-Universal mapping'!$B:$B,MATCH(AF52,'Brown-Universal mapping'!$A:$A,0)) -> NOUN | AJ52: =IF(AF52=$D52,1,0) -> 1 | AK52: =IF(AI52=$G52,1,0) -> 1 | AM52: =M52+AC52+AJ52 -> 3 | AN52: =N52+AD52+AK52 -> 3 | AP52: =AG52&AM52 -> singular or mass noun3
A53: '' | D53: '' | E53: =INDEX('Brown tagset'!$B:$B,MATCH(IF(ISERROR(FIND("-",D53)),IF(ISERROR(FIND("+",D53)),D53,LEFT(D53,FIND("+",D53)-1)),LEFT(D53,FIND("-",D53)-1)),'Brown tagset'!$A:$A,0)) -> begin quotation | G53: =INDEX('Brown-Universal mapping'!$B:$B,MATCH(D53,'Brown-Universal mapping'!$A:$A,0)) -> . | I53: '' | J53: =INDEX('Brown tagset'!$B:$B,MATCH(IF(ISERROR(FIND("-",I53)),IF(ISERROR(FIND("+",I53)),I53,LEFT(I53,FIND("+",I53)-1)),LEFT(I53,FIND("-",I53)-1)),'Brown tagset'!$A:$A,0)) -> begin quotation | K53: . | L53: =INDEX('Brown-Universal mapping'!$B:$B,MATCH(I53,'Brown-Universal mapping'!$A:$A,0)) -> . | M53: =IF(I53=$D53,1,0) -> 1 | N53: =IF(L53=$G53,1,0) -> 1 | P53: '' | Q53: '' | R53: =INDEX('Brown tagset'!$B:$B,MATCH(IF(ISERROR(FIND("-",Q53)),IF(ISERROR(FIND("+",Q53)),Q53,LEFT(Q53,FIND("+",Q53)-1)),LEFT(Q53,FIND("-",Q53)-1)),'Brown tagset'!$A:$A,0)) -> begin quotation | T53: =INDEX('Brown-Universal mapping'!$B:$B,MATCH(Q53,'Brown-Universal mapping'!$A:$A,0)) -> . | U53: =IF(Q53=$D53,1,0) -> 1 | V53: =IF(T53=$G53,1,0) -> 1 | X53: '' | Y53: '' | Z53: =INDEX('Brown tagset'!$B:$B,MATCH(IF(ISERROR(FIND("-",Y53)),IF(ISERROR(FIND("+",Y53)),Y53,LEFT(Y53,FIND("+",Y53)-1)),LEFT(Y53,FIND("-",Y53)-1)),'Brown tagset'!$A:$A,0)) -> begin quotation | AB53: =INDEX('Brown-Universal mapping'!$B:$B,MATCH(Y53,'Brown-Universal mapping'!$A:$A,0)) -> . | AC53: =IF(Y53=$D53,1,0) -> 1 | AD53: =IF(AB53=$G53,1,0) -> 1 | AF53: '' | AG53: =INDEX('Brown tagset'!$B:$B,MATCH(IF(ISERROR(FIND("-",AF53)),IF(ISERROR(FIND("+",AF53)),AF53,LEFT(AF53,FIND("+",AF53)-1)),LEFT(AF53,FIND("-",AF53)-1)),'Brown tagset'!$A:$A,0)) -> begin quotation | AH53: . | AI53: =INDEX('Brown-Universal mapping'!$B:$B,MATCH(AF53,'Brown-Universal mapping'!$A:$A,0)) -> . | AJ53: =IF(AF53=$D53,1,0) -> 1 | AK53: =IF(AI53=$G53,1,0) -> 1 | AM53: =M53+AC53+AJ53 -> 3 | AN53: =N53+AD53+AK53 -> 3 | AP53: =AG53&AM53 -> begin quotation3
A54: or | D54: CC | E54: =INDEX('Brown tagset'!$B:$B,MATCH(IF(ISERROR(FIND("-",D54)),IF(ISERROR(FIND("+",D54)),D54,LEFT(D54,FIND("+",D54)-1)),LEFT(D54,FIND("-",D54)-1)),'Brown tagset'!$A:$A,0)) -> coordinating conjunction (and, or) | G54: =INDEX('Brown-Universal mapping'!$B:$B,MATCH(D54,'Brown-Universal mapping'!$A:$A,0)) -> CONJ | I54: CC | J54: =INDEX('Brown tagset'!$B:$B,MATCH(IF(ISERROR(FIND("-",I54)),IF(ISERROR(FIND("+",I54)),I54,LEFT(I54,FIND("+",I54)-1)),LEFT(I54,FIND("-",I54)-1)),'Brown tagset'!$A:$A,0)) -> coordinating conjunction (and, or) | K54: CONJ | L54: =INDEX('Brown-Universal mapping'!$B:$B,MATCH(I54,'Brown-Universal mapping'!$A:$A,0)) -> CONJ | M54: =IF(I54=$D54,1,0) -> 1 | N54: =IF(L54=$G54,1,0) -> 1 | P54: or | Q54: cc | R54: =INDEX('Brown tagset'!$B:$B,MATCH(IF(ISERROR(FIND("-",Q54)),IF(ISERROR(FIND("+",Q54)),Q54,LEFT(Q54,FIND("+",Q54)-1)),LEFT(Q54,FIND("-",Q54)-1)),'Brown tagset'!$A:$A,0)) -> coordinating conjunction (and, or) | T54: =INDEX('Brown-Universal mapping'!$B:$B,MATCH(Q54,'Brown-Universal mapping'!$A:$A,0)) -> CONJ | U54: =IF(Q54=$D54,1,0) -> 1 | V54: =IF(T54=$G54,1,0) -> 1 | X54: or | Y54: cc | Z54: =INDEX('Brown tagset'!$B:$B,MATCH(IF(ISERROR(FIND("-",Y54)),IF(ISERROR(FIND("+",Y54)),Y54,LEFT(Y54,FIND("+",Y54)-1)),LEFT(Y54,FIND("-",Y54)-1)),'Brown tagset'!$A:$A,0)) -> coordinating conjunction (and, or) | AB54: =INDEX('Brown-Universal mapping'!$B:$B,MATCH(Y54,'Brown-Universal mapping'!$A:$A,0)) -> CONJ | AC54: =IF(Y54=$D54,1,0) -> 1 | AD54: =IF(AB54=$G54,1,0) -> 1 | AF54: CC | AG54: =INDEX('Brown tagset'!$B:$B,MATCH(IF(ISERROR(FIND("-",AF54)),IF(ISERROR(FIND("+",AF54)),AF54,LEFT(AF54,FIND("+",AF54)-1)),LEFT(AF54,FIND("-",AF54)-1)),'Brown tagset'!$A:$A,0)) -> coordinating conjunction (and, or) | AH54: CONJ | AI54: =INDEX('Brown-Universal mapping'!$B:$B,MATCH(AF54,'Brown-Universal mapping'!$A:$A,0)) -> CONJ | AJ54: =IF(AF54=$D54,1,0) -> 1 | AK54: =IF(AI54=$G54,1,0) -> 1 | AM54: =M54+AC54+AJ54 -> 3 | AN54: =N54+AD54+AK54 -> 3 | AP54: =AG54&AM54 -> coordinating conjunction (and, or)3
A55: because | D55: CS | E55: =INDEX('Brown tagset'!$B:$B,MATCH(IF(ISERROR(FIND("-",D55)),IF(ISERROR(FIND("+",D55)),D55,LEFT(D55,FIND("+",D55)-1)),LEFT(D55,FIND("-",D55)-1)),'Brown tagset'!$A:$A,0)) -> subordinating conjunction (if, although) | G55: =INDEX('Brown-Universal mapping'!$B:$B,MATCH(D55,'Brown-Universal mapping'!$A:$A,0)) -> ADP | I55: CS | J55: =INDEX('Brown tagset'!$B:$B,MATCH(IF(ISERROR(FIND("-",I55)),IF(ISERROR(FIND("+",I55)),I55,LEFT(I55,FIND("+",I55)-1)),LEFT(I55,FIND("-",I55)-1)),'Brown tagset'!$A:$A,0)) -> subordinating conjunction (if, although) | K55: X | L55: =INDEX('Brown-Universal mapping'!$B:$B,MATCH(I55,'Brown-Universal mapping'!$A:$A,0)) -> ADP | M55: =IF(I55=$D55,1,0) -> 1 | N55: =IF(L55=$G55,1,0) -> 1 | P55: because | Q55: cs | R55: =INDEX('Brown tagset'!$B:$B,MATCH(IF(ISERROR(FIND("-",Q55)),IF(ISERROR(FIND("+",Q55)),Q55,LEFT(Q55,FIND("+",Q55)-1)),LEFT(Q55,FIND("-",Q55)-1)),'Brown tagset'!$A:$A,0)) -> subordinating conjunction (if, although) | T55: =INDEX('Brown-Universal mapping'!$B:$B,MATCH(Q55,'Brown-Universal mapping'!$A:$A,0)) -> ADP | U55: =IF(Q55=$D55,1,0) -> 1 | V55: =IF(T55=$G55,1,0) -> 1 | X55: because | Y55: cs | Z55: =INDEX('Brown tagset'!$B:$B,MATCH(IF(ISERROR(FIND("-",Y55)),IF(ISERROR(FIND("+",Y55)),Y55,LEFT(Y55,FIND("+",Y55)-1)),LEFT(Y55,FIND("-",Y55)-1)),'Brown tagset'!$A:$A,0)) -> subordinating conjunction (if, although) | AB55: adp | AC55: =IF(Y55=$D55,1,0) -> 1 | AD55: =IF(AB55=$G55,1,0) -> 1 | AF55: CS | AG55: =INDEX('Brown tagset'!$B:$B,MATCH(IF(ISERROR(FIND("-",AF55)),IF(ISERROR(FIND("+",AF55)),AF55,LEFT(AF55,FIND("+",AF55)-1)),LEFT(AF55,FIND("-",AF55)-1)),'Brown tagset'!$A:$A,0)) -> subordinating conjunction (if, although) | AH55: X | AI55: =INDEX('Brown-Universal mapping'!$B:$B,MATCH(AF55,'Brown-Universal mapping'!$A:$A,0)) -> ADP | AJ55: =IF(AF55=$D55,1,0) -> 1 | AK55: =IF(AI55=$G55,1,0) -> 1 | AM55: =M55+AC55+AJ55 -> 3 | AN55: =N55+AD55+AK55 -> 3 | AP55: =AG55&AM55 -> subordinating conjunction (if, although)3
A56: childish | D56: JJ | E56: =INDEX('Brown tagset'!$B:$B,MATCH(IF(ISERROR(FIND("-",D56)),IF(ISERROR(FIND("+",D56)),D56,LEFT(D56,FIND("+",D56)-1)),LEFT(D56,FIND("-",D56)-1)),'Brown tagset'!$A:$A,0)) -> adjective | G56: =INDEX('Brown-Universal mapping'!$B:$B,MATCH(D56,'Brown-Universal mapping'!$A:$A,0)) -> ADJ | I56: JJ | J56: =INDEX('Brown tagset'!$B:$B,MATCH(IF(ISERROR(FIND("-",I56)),IF(ISERROR(FIND("+",I56)),I56,LEFT(I56,FIND("+",I56)-1)),LEFT(I56,FIND("-",I56)-1)),'Brown tagset'!$A:$A,0)) -> adjective | K56: ADJ | L56: =INDEX('Brown-Universal mapping'!$B:$B,MATCH(I56,'Brown-Universal mapping'!$A:$A,0)) -> ADJ | M56: =IF(I56=$D56,1,0) -> 1 | N56: =IF(L56=$G56,1,0) -> 1 | P56: childish | Q56: jj | R56: =INDEX('Brown tagset'!$B:$B,MATCH(IF(ISERROR(FIND("-",Q56)),IF(ISERROR(FIND("+",Q56)),Q56,LEFT(Q56,FIND("+",Q56)-1)),LEFT(Q56,FIND("-",Q56)-1)),'Brown tagset'!$A:$A,0)) -> adjective | T56: =INDEX('Brown-Universal mapping'!$B:$B,MATCH(Q56,'Brown-Universal mapping'!$A:$A,0)) -> ADJ | U56: =IF(Q56=$D56,1,0) -> 1 | V56: =IF(T56=$G56,1,0) -> 1 | X56: childish | Y56: jj | Z56: =INDEX('Brown tagset'!$B:$B,MATCH(IF(ISERROR(FIND("-",Y56)),IF(ISERROR(FIND("+",Y56)),Y56,LEFT(Y56,FIND("+",Y56)-1)),LEFT(Y56,FIND("-",Y56)-1)),'Brown tagset'!$A:$A,0)) -> adjective | AB56: =INDEX('Brown-Universal mapping'!$B:$B,MATCH(Y56,'Brown-Universal mapping'!$A:$A,0)) -> ADJ | AC56: =IF(Y56=$D56,1,0) -> 1 | AD56: =IF(AB56=$G56,1,0) -> 1 | AF56: JJ | AG56: =INDEX('Brown tagset'!$B:$B,MATCH(IF(ISERROR(FIND("-",AF56)),IF(ISERROR(FIND("+",AF56)),AF56,LEFT(AF56,FIND("+",AF56)-1)),LEFT(AF56,FIND("-",AF56)-1)),'Brown tagset'!$A:$A,0)) -> adjective | AH56: ADJ | AI56: =INDEX('Brown-Universal mapping'!$B:$B,MATCH(AF56,'Brown-Universal mapping'!$A:$A,0)) -> ADJ | AJ56: =IF(AF56=$D56,1,0) -> 1 | AK56: =IF(AI56=$G56,1,0) -> 1 | AM56: =M56+AC56+AJ56 -> 3 | AN56: =N56+AD56+AK56 -> 3 | AP56: =AG56&AM56 -> adjective3
A57: taunts | D57: NNS | E57: =INDEX('Brown tagset'!$B:$B,MATCH(IF(ISERROR(FIND("-",D57)),IF(ISERROR(FIND("+",D57)),D57,LEFT(D57,FIND("+",D57)-1)),LEFT(D57,FIND("-",D57)-1)),'Brown tagset'!$A:$A,0)) -> plural noun | G57: =INDEX('Brown-Universal mapping'!$B:$B,MATCH(D57,'Brown-Universal mapping'!$A:$A,0)) -> NOUN | I57: NNS | J57: =INDEX('Brown tagset'!$B:$B,MATCH(IF(ISERROR(FIND("-",I57)),IF(ISERROR(FIND("+",I57)),I57,LEFT(I57,FIND("+",I57)-1)),LEFT(I57,FIND("-",I57)-1)),'Brown tagset'!$A:$A,0)) -> plural noun | K57: NOUN | L57: =INDEX('Brown-Universal mapping'!$B:$B,MATCH(I57,'Brown-Universal mapping'!$A:$A,0)) -> NOUN | M57: =IF(I57=$D57,1,0) -> 1 | N57: =IF(L57=$G57,1,0) -> 1 | P57: taunts | Q57: nns | R57: =INDEX('Brown tagset'!$B:$B,MATCH(IF(ISERROR(FIND("-",Q57)),IF(ISERROR(FIND("+",Q57)),Q57,LEFT(Q57,FIND("+",Q57)-1)),LEFT(Q57,FIND("-",Q57)-1)),'Brown tagset'!$A:$A,0)) -> plural noun | T57: =INDEX('Brown-Universal mapping'!$B:$B,MATCH(Q57,'Brown-Universal mapping'!$A:$A,0)) -> NOUN | U57: =IF(Q57=$D57,1,0) -> 1 | V57: =IF(T57=$G57,1,0) -> 1 | X57: taunts | Y57: nns | Z57: =INDEX('Brown tagset'!$B:$B,MATCH(IF(ISERROR(FIND("-",Y57)),IF(ISERROR(FIND("+",Y57)),Y57,LEFT(Y57,FIND("+",Y57)-1)),LEFT(Y57,FIND("-",Y57)-1)),'Brown tagset'!$A:$A,0)) -> plural noun | AB57: =INDEX('Brown-Universal mapping'!$B:$B,MATCH(Y57,'Brown-Universal mapping'!$A:$A,0)) -> NOUN | AC57: =IF(Y57=$D57,1,0) -> 1 | AD57: =IF(AB57=$G57,1,0) -> 1 | AF57: NNS | AG57: =INDEX('Brown tagset'!$B:$B,MATCH(IF(ISERROR(FIND("-",AF57)),IF(ISERROR(FIND("+",AF57)),AF57,LEFT(AF57,FIND("+",AF57)-1)),LEFT(AF57,FIND("-",AF57)-1)),'Brown tagset'!$A:$A,0)) -> plural noun | AH57: NOUN | AI57: =INDEX('Brown-Universal mapping'!$B:$B,MATCH(AF57,'Brown-Universal mapping'!$A:$A,0)) -> NOUN | AJ57: =IF(AF57=$D57,1,0) -> 1 | AK57: =IF(AI57=$G57,1,0) -> 1 | AM57: =M57+AC57+AJ57 -> 3 | AN57: =N57+AD57+AK57 -> 3 | AP57: =AG57&AM57 -> plural noun3
A58: from | D58: IN | E58: =INDEX('Brown tagset'!$B:$B,MATCH(IF(ISERROR(FIND("-",D58)),IF(ISERROR(FIND("+",D58)),D58,LEFT(D58,FIND("+",D58)-1)),LEFT(D58,FIND("-",D58)-1)),'Brown tagset'!$A:$A,0)) -> preposition | G58: =INDEX('Brown-Universal mapping'!$B:$B,MATCH(D58,'Brown-Universal mapping'!$A:$A,0)) -> ADP | I58: IN | J58: =INDEX('Brown tagset'!$B:$B,MATCH(IF(ISERROR(FIND("-",I58)),IF(ISERROR(FIND("+",I58)),I58,LEFT(I58,FIND("+",I58)-1)),LEFT(I58,FIND("-",I58)-1)),'Brown tagset'!$A:$A,0)) -> preposition | K58: ADP | L58: =INDEX('Brown-Universal mapping'!$B:$B,MATCH(I58,'Brown-Universal mapping'!$A:$A,0)) -> ADP | M58: =IF(I58=$D58,1,0) -> 1 | N58: =IF(L58=$G58,1,0) -> 1 | P58: from | Q58: in | R58: =INDEX('Brown tagset'!$B:$B,MATCH(IF(ISERROR(FIND("-",Q58)),IF(ISERROR(FIND("+",Q58)),Q58,LEFT(Q58,FIND("+",Q58)-1)),LEFT(Q58,FIND("-",Q58)-1)),'Brown tagset'!$A:$A,0)) -> preposition | T58: =INDEX('Brown-Universal mapping'!$B:$B,MATCH(Q58,'Brown-Universal mapping'!$A:$A,0)) -> ADP | U58: =IF(Q58=$D58,1,0) -> 1 | V58: =IF(T58=$G58,1,0) -> 1 | X58: from | Y58: in | Z58: =INDEX('Brown tagset'!$B:$B,MATCH(IF(ISERROR(FIND("-",Y58)),IF(ISERROR(FIND("+",Y58)),Y58,LEFT(Y58,FIND("+",Y58)-1)),LEFT(Y58,FIND("-",Y58)-1)),'Brown tagset'!$A:$A,0)) -> preposition | AB58: =INDEX('Brown-Universal mapping'!$B:$B,MATCH(Y58,'Brown-Universal mapping'!$A:$A,0)) -> ADP | AC58: =IF(Y58=$D58,1,0) -> 1 | AD58: =IF(AB58=$G58,1,0) -> 1 | AF58: IN | AG58: =INDEX('Brown tagset'!$B:$B,MATCH(IF(ISERROR(FIND("-",AF58)),IF(ISERROR(FIND("+",AF58)),AF58,LEFT(AF58,FIND("+",AF58)-1)),LEFT(AF58,FIND("-",AF58)-1)),'Brown tagset'!$A:$A,0)) -> preposition | AH58: ADP | AI58: =INDEX('Brown-Universal mapping'!$B:$B,MATCH(AF58,'Brown-Universal mapping'!$A:$A,0)) -> ADP | AJ58: =IF(AF58=$D58,1,0) -> 1 | AK58: =IF(AI58=$G58,1,0) -> 1 | AM58: =M58+AC58+AJ58 -> 3 | AN58: =N58+AD58+AK58 -> 3 | AP58: =AG58&AM58 -> preposition3
A59: his | D59: PP$ | E59: =INDEX('Brown tagset'!$B:$B,MATCH(IF(ISERROR(FIND("-",D59)),IF(ISERROR(FIND("+",D59)),D59,LEFT(D59,FIND("+",D59)-1)),LEFT(D59,FIND("-",D59)-1)),'Brown tagset'!$A:$A,0)) -> possessive personal pronoun (my, our) | G59: =INDEX('Brown-Universal mapping'!$B:$B,MATCH(D59,'Brown-Universal mapping'!$A:$A,0)) -> DET | I59: PP$ | J59: =INDEX('Brown tagset'!$B:$B,MATCH(IF(ISERROR(FIND("-",I59)),IF(ISERROR(FIND("+",I59)),I59,LEFT(I59,FIND("+",I59)-1)),LEFT(I59,FIND("-",I59)-1)),'Brown tagset'!$A:$A,0)) -> possessive personal pronoun (my, our) | K59: X | L59: =INDEX('Brown-Universal mapping'!$B:$B,MATCH(I59,'Brown-Universal mapping'!$A:$A,0)) -> DET | M59: =IF(I59=$D59,1,0) -> 1 | N59: =IF(L59=$G59,1,0) -> 1 | P59: his | Q59: pp$ | R59: =INDEX('Brown tagset'!$B:$B,MATCH(IF(ISERROR(FIND("-",Q59)),IF(ISERROR(FIND("+",Q59)),Q59,LEFT(Q59,FIND("+",Q59)-1)),LEFT(Q59,FIND("-",Q59)-1)),'Brown tagset'!$A:$A,0)) -> possessive personal pronoun (my, our) | T59: =INDEX('Brown-Universal mapping'!$B:$B,MATCH(Q59,'Brown-Universal mapping'!$A:$A,0)) -> DET | U59: =IF(Q59=$D59,1,0) -> 1 | V59: =IF(T59=$G59,1,0) -> 1 | X59: his | Y59: pp$ | Z59: =INDEX('Brown tagset'!$B:$B,MATCH(IF(ISERROR(FIND("-",Y59)),IF(ISERROR(FIND("+",Y59)),Y59,LEFT(Y59,FIND("+",Y59)-1)),LEFT(Y59,FIND("-",Y59)-1)),'Brown tagset'!$A:$A,0)) -> possessive personal pronoun (my, our) | AB59: =INDEX('Brown-Universal mapping'!$B:$B,MATCH(Y59,'Brown-Universal mapping'!$A:$A,0)) -> DET | AC59: =IF(Y59=$D59,1,0) -> 1 | AD59: =IF(AB59=$G59,1,0) -> 1 | AF59: PP$ | AG59: =INDEX('Brown tagset'!$B:$B,MATCH(IF(ISERROR(FIND("-",AF59)),IF(ISERROR(FIND("+",AF59)),AF59,LEFT(AF59,FIND("+",AF59)-1)),LEFT(AF59,FIND("-",AF59)-1)),'Brown tagset'!$A:$A,0)) -> possessive personal pronoun (my, our) | AH59: X | AI59: =INDEX('Brown-Universal mapping'!$B:$B,MATCH(AF59,'Brown-Universal mapping'!$A:$A,0)) -> DET | AJ59: =IF(AF59=$D59,1,0) -> 1 | AK59: =IF(AI59=$G59,1,0) -> 1 | AM59: =M59+AC59+AJ59 -> 3 | AN59: =N59+AD59+AK59 -> 3 | AP59: =AG59&AM59 -> possessive personal pronoun (my, our)3
A60: schoolmates | D60: NNS | E60: =INDEX('Brown tagset'!$B:$B,MATCH(IF(ISERROR(FIND("-",D60)),IF(ISERROR(FIND("+",D60)),D60,LEFT(D60,FIND("+",D60)-1)),LEFT(D60,FIND("-",D60)-1)),'Brown tagset'!$A:$A,0)) -> plural noun | G60: =INDEX('Brown-Universal mapping'!$B:$B,MATCH(D60,'Brown-Universal mapping'!$A:$A,0)) -> NOUN | I60: NNS | J60: =INDEX('Brown tagset'!$B:$B,MATCH(IF(ISERROR(FIND("-",I60)),IF(ISERROR(FIND("+",I60)),I60,LEFT(I60,FIND("+",I60)-1)),LEFT(I60,FIND("-",I60)-1)),'Brown tagset'!$A:$A,0)) -> plural noun | K60: NOUN | L60: =INDEX('Brown-Universal mapping'!$B:$B,MATCH(I60,'Brown-Universal mapping'!$A:$A,0)) -> NOUN | M60: =IF(I60=$D60,1,0) -> 1 | N60: =IF(L60=$G60,1,0) -> 1 | P60: schoolmates | Q60: nns | R60: =INDEX('Brown tagset'!$B:$B,MATCH(IF(ISERROR(FIND("-",Q60)),IF(ISERROR(FIND("+",Q60)),Q60,LEFT(Q60,FIND("+",Q60)-1)),LEFT(Q60,FIND("-",Q60)-1)),'Brown tagset'!$A:$A,0)) -> plural noun | T60: =INDEX('Brown-Universal mapping'!$B:$B,MATCH(Q60,'Brown-Universal mapping'!$A:$A,0)) -> NOUN | U60: =IF(Q60=$D60,1,0) -> 1 | V60: =IF(T60=$G60,1,0) -> 1 | X60: schoolmates | Y60: nns | Z60: =INDEX('Brown tagset'!$B:$B,MATCH(IF(ISERROR(FIND("-",Y60)),IF(ISERROR(FIND("+",Y60)),Y60,LEFT(Y60,FIND("+",Y60)-1)),LEFT(Y60,FIND("-",Y60)-1)),'Brown tagset'!$A:$A,0)) -> plural noun | AB60: =INDEX('Brown-Universal mapping'!$B:$B,MATCH(Y60,'Brown-Universal mapping'!$A:$A,0)) -> NOUN | AC60: =IF(Y60=$D60,1,0) -> 1 | AD60: =IF(AB60=$G60,1,0) -> 1 | AF60: Unk | AG60: =INDEX('Brown tagset'!$B:$B,MATCH(IF(ISERROR(FIND("-",AF60)),IF(ISERROR(FIND("+",AF60)),AF60,LEFT(AF60,FIND("+",AF60)-1)),LEFT(AF60,FIND("-",AF60)-1)),'Brown tagset'!$A:$A,0)) -> unknown | AH60: X | AI60: =INDEX('Brown-Universal mapping'!$B:$B,MATCH(AF60,'Brown-Universal mapping'!$A:$A,0)) -> Unknown | AJ60: =IF(AF60=$D60,1,0) -> 0 | AK60: =IF(AI60=$G60,1,0) -> 0 | AM60: =M60+AC60+AJ60 -> 2 | AN60: =N60+AD60+AK60 -> 2 | AP60: =AG60&AM60 -> unknown2
A61: , | D61: , | E61: =INDEX('Brown tagset'!$B:$B,MATCH(IF(ISERROR(FIND("-",D61)),IF(ISERROR(FIND("+",D61)),D61,LEFT(D61,FIND("+",D61)-1)),LEFT(D61,FIND("-",D61)-1)),'Brown tagset'!$A:$A,0)) -> comma | G61: =INDEX('Brown-Universal mapping'!$B:$B,MATCH(D61,'Brown-Universal mapping'!$A:$A,0)) -> . | I61: , | J61: =INDEX('Brown tagset'!$B:$B,MATCH(IF(ISERROR(FIND("-",I61)),IF(ISERROR(FIND("+",I61)),I61,LEFT(I61,FIND("+",I61)-1)),LEFT(I61,FIND("-",I61)-1)),'Brown tagset'!$A:$A,0)) -> comma | K61: . | L61: =INDEX('Brown-Universal mapping'!$B:$B,MATCH(I61,'Brown-Universal mapping'!$A:$A,0)) -> . | M61: =IF(I61=$D61,1,0) -> 1 | N61: =IF(L61=$G61,1,0) -> 1 | P61: , | Q61: , | R61: =INDEX('Brown tagset'!$B:$B,MATCH(IF(ISERROR(FIND("-",Q61)),IF(ISERROR(FIND("+",Q61)),Q61,LEFT(Q61,FIND("+",Q61)-1)),LEFT(Q61,FIND("-",Q61)-1)),'Brown tagset'!$A:$A,0)) -> comma | T61: =INDEX('Brown-Universal mapping'!$B:$B,MATCH(Q61,'Brown-Universal mapping'!$A:$A,0)) -> . | U61: =IF(Q61=$D61,1,0) -> 1 | V61: =IF(T61=$G61,1,0) -> 1 | X61: , | Y61: , | Z61: =INDEX('Brown tagset'!$B:$B,MATCH(IF(ISERROR(FIND("-",Y61)),IF(ISERROR(FIND("+",Y61)),Y61,LEFT(Y61,FIND("+",Y61)-1)),LEFT(Y61,FIND("-",Y61)-1)),'Brown tagset'!$A:$A,0)) -> comma | AB61: =INDEX('Brown-Universal mapping'!$B:$B,MATCH(Y61,'Brown-Universal mapping'!$A:$A,0)) -> . | AC61: =IF(Y61=$D61,1,0) -> 1 | AD61: =IF(AB61=$G61,1,0) -> 1 | AF61: , | AG61: =INDEX('Brown tagset'!$B:$B,MATCH(IF(ISERROR(FIND("-",AF61)),IF(ISERROR(FIND("+",AF61)),AF61,LEFT(AF61,FIND("+",AF61)-1)),LEFT(AF61,FIND("-",AF61)-1)),'Brown tagset'!$A:$A,0)) -> comma | AH61: . | AI61: =INDEX('Brown-Universal mapping'!$B:$B,MATCH(AF61,'Brown-Universal mapping'!$A:$A,0)) -> . | AJ61: =IF(AF61=$D61,1,0) -> 1 | AK61: =IF(AI61=$G61,1,0) -> 1 | AM61: =M61+AC61+AJ61 -> 3 | AN61: =N61+AD61+AK61 -> 3 | AP61: =AG61&AM61 -> comma3
A62: like | D62: CS | E62: =INDEX('Brown tagset'!$B:$B,MATCH(IF(ISERROR(FIND("-",D62)),IF(ISERROR(FIND("+",D62)),D62,LEFT(D62,FIND("+",D62)-1)),LEFT(D62,FIND("-",D62)-1)),'Brown tagset'!$A:$A,0)) -> subordinating conjunction (if, although) | G62: =INDEX('Brown-Universal mapping'!$B:$B,MATCH(D62,'Brown-Universal mapping'!$A:$A,0)) -> ADP | I62: CS | J62: =INDEX('Brown tagset'!$B:$B,MATCH(IF(ISERROR(FIND("-",I62)),IF(ISERROR(FIND("+",I62)),I62,LEFT(I62,FIND("+",I62)-1)),LEFT(I62,FIND("-",I62)-1)),'Brown tagset'!$A:$A,0)) -> subordinating conjunction (if, although) | K62: X | L62: =INDEX('Brown-Universal mapping'!$B:$B,MATCH(I62,'Brown-Universal mapping'!$A:$A,0)) -> ADP | M62: =IF(I62=$D62,1,0) -> 1 | N62: =IF(L62=$G62,1,0) -> 1 | P62: like | Q62: cs | R62: =INDEX('Brown tagset'!$B:$B,MATCH(IF(ISERROR(FIND("-",Q62)),IF(ISERROR(FIND("+",Q62)),Q62,LEFT(Q62,FIND("+",Q62)-1)),LEFT(Q62,FIND("-",Q62)-1)),'Brown tagset'!$A:$A,0)) -> subordinating conjunction (if, although) | T62: =INDEX('Brown-Universal mapping'!$B:$B,MATCH(Q62,'Brown-Universal mapping'!$A:$A,0)) -> ADP | U62: =IF(Q62=$D62,1,0) -> 1 | V62: =IF(T62=$G62,1,0) -> 1 | X62: like | Y62: cs | Z62: =INDEX('Brown tagset'!$B:$B,MATCH(IF(ISERROR(FIND("-",Y62)),IF(ISERROR(FIND("+",Y62)),Y62,LEFT(Y62,FIND("+",Y62)-1)),LEFT(Y62,FIND("-",Y62)-1)),'Brown tagset'!$A:$A,0)) -> subordinating conjunction (if, although) | AB62: =INDEX('Brown-Universal mapping'!$B:$B,MATCH(Y62,'Brown-Universal mapping'!$A:$A,0)) -> ADP | AC62: =IF(Y62=$D62,1,0) -> 1 | AD62: =IF(AB62=$G62,1,0) -> 1 | AF62: CS | AG62: =INDEX('Brown tagset'!$B:$B,MATCH(IF(ISERROR(FIND("-",AF62)),IF(ISERROR(FIND("+",AF62)),AF62,LEFT(AF62,FIND("+",AF62)-1)),LEFT(AF62,FIND("-",AF62)-1)),'Brown tagset'!$A:$A,0)) -> subordinating conjunction (if, although) | AH62: X | AI62: =INDEX('Brown-Universal mapping'!$B:$B,MATCH(AF62,'Brown-Universal mapping'!$A:$A,0)) -> ADP | AJ62: =IF(AF62=$D62,1,0) -> 1 | AK62: =IF(AI62=$G62,1,0) -> 1 | AM62: =M62+AC62+AJ62 -> 3 | AN62: =N62+AD62+AK62 -> 3 | AP62: =AG62&AM62 -> subordinating conjunction (if, although)3
A63: `` | D63: `` | E63: =INDEX('Brown tagset'!$B:$B,MATCH(IF(ISERROR(FIND("-",D63)),IF(ISERROR(FIND("+",D63)),D63,LEFT(D63,FIND("+",D63)-1)),LEFT(D63,FIND("-",D63)-1)),'Brown tagset'!$A:$A,0)) -> end quotation | G63: =INDEX('Brown-Universal mapping'!$B:$B,MATCH(D63,'Brown-Universal mapping'!$A:$A,0)) -> . | I63: `` | J63: =INDEX('Brown tagset'!$B:$B,MATCH(IF(ISERROR(FIND("-",I63)),IF(ISERROR(FIND("+",I63)),I63,LEFT(I63,FIND("+",I63)-1)),LEFT(I63,FIND("-",I63)-1)),'Brown tagset'!$A:$A,0)) -> end quotation | K63: . | L63: =INDEX('Brown-Universal mapping'!$B:$B,MATCH(I63,'Brown-Universal mapping'!$A:$A,0)) -> . | M63: =IF(I63=$D63,1,0) -> 1 | N63: =IF(L63=$G63,1,0) -> 1 | P63: `` | Q63: `` | R63: =INDEX('Brown tagset'!$B:$B,MATCH(IF(ISERROR(FIND("-",Q63)),IF(ISERROR(FIND("+",Q63)),Q63,LEFT(Q63,FIND("+",Q63)-1)),LEFT(Q63,FIND("-",Q63)-1)),'Brown tagset'!$A:$A,0)) -> end quotation | T63: =INDEX('Brown-Universal mapping'!$B:$B,MATCH(Q63,'Brown-Universal mapping'!$A:$A,0)) -> . | U63: =IF(Q63=$D63,1,0) -> 1 | V63: =IF(T63=$G63,1,0) -> 1 | X63: `` | Y63: `` | Z63: =INDEX('Brown tagset'!$B:$B,MATCH(IF(ISERROR(FIND("-",Y63)),IF(ISERROR(FIND("+",Y63)),Y63,LEFT(Y63,FIND("+",Y63)-1)),LEFT(Y63,FIND("-",Y63)-1)),'Brown tagset'!$A:$A,0)) -> end quotation | AB63: =INDEX('Brown-Universal mapping'!$B:$B,MATCH(Y63,'Brown-Universal mapping'!$A:$A,0)) -> . | AC63: =IF(Y63=$D63,1,0) -> 1 | AD63: =IF(AB63=$G63,1,0) -> 1 | AF63: `` | AG63: =INDEX('Brown tagset'!$B:$B,MATCH(IF(ISERROR(FIND("-",AF63)),IF(ISERROR(FIND("+",AF63)),AF63,LEFT(AF63,FIND("+",AF63)-1)),LEFT(AF63,FIND("-",AF63)-1)),'Brown tagset'!$A:$A,0)) -> end quotation | AH63: . | AI63: =INDEX('Brown-Universal mapping'!$B:$B,MATCH(AF63,'Brown-Universal mapping'!$A:$A,0)) -> . | AJ63: =IF(AF63=$D63,1,0) -> 1 | AK63: =IF(AI63=$G63,1,0) -> 1 | AM63: =M63+AC63+AJ63 -> 3 | AN63: =N63+AD63+AK63 -> 3 | AP63: =AG63&AM63 -> end quotation3
A64: Hey | D64: UH | E64: =INDEX('Brown tagset'!$B:$B,MATCH(IF(ISERROR(FIND("-",D64)),IF(ISERROR(FIND("+",D64)),D64,LEFT(D64,FIND("+",D64)-1)),LEFT(D64,FIND("-",D64)-1)),'Brown tagset'!$A:$A,0)) -> interjection, exclamation | G64: =INDEX('Brown-Universal mapping'!$B:$B,MATCH(D64,'Brown-Universal mapping'!$A:$A,0)) -> PRT | I64: NP | J64: =INDEX('Brown tagset'!$B:$B,MATCH(IF(ISERROR(FIND("-",I64)),IF(ISERROR(FIND("+",I64)),I64,LEFT(I64,FIND("+",I64)-1)),LEFT(I64,FIND("-",I64)-1)),'Brown tagset'!$A:$A,0)) -> proper noun or part of name phrase | K64: NOUN | L64: =INDEX('Brown-Universal mapping'!$B:$B,MATCH(I64,'Brown-Universal mapping'!$A:$A,0)) -> NOUN | M64: =IF(I64=$D64,1,0) -> 0 | N64: =IF(L64=$G64,1,0) -> 0 | P64: Hey | Q64: wrb | R64: =INDEX('Brown tagset'!$B:$B,MATCH(IF(ISERROR(FIND("-",Q64)),IF(ISERROR(FIND("+",Q64)),Q64,LEFT(Q64,FIND("+",Q64)-1)),LEFT(Q64,FIND("-",Q64)-1)),'Brown tagset'!$A:$A,0)) -> wh- adverb (how, where, when) | T64: =INDEX('Brown-Universal mapping'!$B:$B,MATCH(Q64,'Brown-Universal mapping'!$A:$A,0)) -> ADV | U64: =IF(Q64=$D64,1,0) -> 0 | V64: =IF(T64=$G64,1,0) -> 0 | X64: Hey | Y64: np | Z64: =INDEX('Brown tagset'!$B:$B,MATCH(IF(ISERROR(FIND("-",Y64)),IF(ISERROR(FIND("+",Y64)),Y64,LEFT(Y64,FIND("+",Y64)-1)),LEFT(Y64,FIND("-",Y64)-1)),'Brown tagset'!$A:$A,0)) -> proper noun or part of name phrase | AB64: =INDEX('Brown-Universal mapping'!$B:$B,MATCH(Y64,'Brown-Universal mapping'!$A:$A,0)) -> NOUN | AC64: =IF(Y64=$D64,1,0) -> 0 | AD64: =IF(AB64=$G64,1,0) -> 0 | AF64: Unk | AG64: =INDEX('Brown tagset'!$B:$B,MATCH(IF(ISERROR(FIND("-",AF64)),IF(ISERROR(FIND("+",AF64)),AF64,LEFT(AF64,FIND("+",AF64)-1)),LEFT(AF64,FIND("-",AF64)-1)),'Brown tagset'!$A:$A,0)) -> unknown | AH64: X | AI64: =INDEX('Brown-Universal mapping'!$B:$B,MATCH(AF64,'Brown-Universal mapping'!$A:$A,0)) -> Unknown | AJ64: =IF(AF64=$D64,1,0) -> 0 | AK64: =IF(AI64=$G64,1,0) -> 0 | AM64: =M64+AC64+AJ64 -> 0 | AN64: =N64+AD64+AK64 -> 0 | AP64: =AG64&AM64 -> unknown0
A65: lookit | D65: VB+IN | E65: =INDEX('Brown tagset'!$B:$B,MATCH(IF(ISERROR(FIND("-",D65)),IF(ISERROR(FIND("+",D65)),D65,LEFT(D65,FIND("+",D65)-1)),LEFT(D65,FIND("-",D65)-1)),'Brown tagset'!$A:$A,0)) -> verb, base form | G65: =INDEX('Brown-Universal mapping'!$B:$B,MATCH(D65,'Brown-Universal mapping'!$A:$A,0)) -> VERB | I65: IN-TL | J65: =INDEX('Brown tagset'!$B:$B,MATCH(IF(ISERROR(FIND("-",I65)),IF(ISERROR(FIND("+",I65)),I65,LEFT(I65,FIND("+",I65)-1)),LEFT(I65,FIND("-",I65)-1)),'Brown tagset'!$A:$A,0)) -> preposition | K65: X | L65: =INDEX('Brown-Universal mapping'!$B:$B,MATCH(I65,'Brown-Universal mapping'!$A:$A,0)) -> ADP | M65: =IF(I65=$D65,1,0) -> 0 | N65: =IF(L65=$G65,1,0) -> 0 | P65: lookit | Q65: vb | R65: =INDEX('Brown tagset'!$B:$B,MATCH(IF(ISERROR(FIND("-",Q65)),IF(ISERROR(FIND("+",Q65)),Q65,LEFT(Q65,FIND("+",Q65)-1)),LEFT(Q65,FIND("-",Q65)-1)),'Brown tagset'!$A:$A,0)) -> verb, base form | T65: =INDEX('Brown-Universal mapping'!$B:$B,MATCH(Q65,'Brown-Universal mapping'!$A:$A,0)) -> VERB | U65: =IF(Q65=$D65,1,0) -> 0 | V65: =IF(T65=$G65,1,0) -> 1 | X65: lookit | Y65: vbd | Z65: =INDEX('Brown tagset'!$B:$B,MATCH(IF(ISERROR(FIND("-",Y65)),IF(ISERROR(FIND("+",Y65)),Y65,LEFT(Y65,FIND("+",Y65)-1)),LEFT(Y65,FIND("-",Y65)-1)),'Brown tagset'!$A:$A,0)) -> verb, past tense | AB65: =INDEX('Brown-Universal mapping'!$B:$B,MATCH(Y65,'Brown-Universal mapping'!$A:$A,0)) -> VERB | AC65: =IF(Y65=$D65,1,0) -> 0 | AD65: =IF(AB65=$G65,1,0) -> 1 | AF65: Unk | AG65: =INDEX('Brown tagset'!$B:$B,MATCH(IF(ISERROR(FIND("-",AF65)),IF(ISERROR(FIND("+",AF65)),AF65,LEFT(AF65,FIND("+",AF65)-1)),LEFT(AF65,FIND("-",AF65)-1)),'Brown tagset'!$A:$A,0)) -> unknown | AH65: X | AI65: =INDEX('Brown-Universal mapping'!$B:$B,MATCH(AF65,'Brown-Universal mapping'!$A:$A,0)) -> Unknown | AJ65: =IF(AF65=$D65,1,0) -> 0 | AK65: =IF(AI65=$G65,1,0) -> 0 | AM65: =M65+AC65+AJ65 -> 0 | AN65: =N65+AD65+AK65 -> 1 | AP65: =AG65&AM65 -> unknown0
A66: Mr. | D66: NP | E66: =INDEX('Brown tagset'!$B:$B,MATCH(IF(ISERROR(FIND("-",D66)),IF(ISERROR(FIND("+",D66)),D66,LEFT(D66,FIND("+",D66)-1)),LEFT(D66,FIND("-",D66)-1)),'Brown tagset'!$A:$A,0)) -> proper noun or part of name phrase | G66: =INDEX('Brown-Universal mapping'!$B:$B,MATCH(D66,'Brown-Universal mapping'!$A:$A,0)) -> NOUN | I66: NP | J66: =INDEX('Brown tagset'!$B:$B,MATCH(IF(ISERROR(FIND("-",I66)),IF(ISERROR(FIND("+",I66)),I66,LEFT(I66,FIND("+",I66)-1)),LEFT(I66,FIND("-",I66)-1)),'Brown tagset'!$A:$A,0)) -> proper noun or part of name phrase | K66: NOUN | L66: =INDEX('Brown-Universal mapping'!$B:$B,MATCH(I66,'Brown-Universal mapping'!$A:$A,0)) -> NOUN | M66: =IF(I66=$D66,1,0) -> 1 | N66: =IF(L66=$G66,1,0) -> 1 | P66: Mr. | Q66: np | R66: =INDEX('Brown tagset'!$B:$B,MATCH(IF(ISERROR(FIND("-",Q66)),IF(ISERROR(FIND("+",Q66)),Q66,LEFT(Q66,FIND("+",Q66)-1)),LEFT(Q66,FIND("-",Q66)-1)),'Brown tagset'!$A:$A,0)) -> proper noun or part of name phrase | T66: =INDEX('Brown-Universal mapping'!$B:$B,MATCH(Q66,'Brown-Universal mapping'!$A:$A,0)) -> NOUN | U66: =IF(Q66=$D66,1,0) -> 1 | V66: =IF(T66=$G66,1,0) -> 1 | X66: Mr. | Y66: np | Z66: =INDEX('Brown tagset'!$B:$B,MATCH(IF(ISERROR(FIND("-",Y66)),IF(ISERROR(FIND("+",Y66)),Y66,LEFT(Y66,FIND("+",Y66)-1)),LEFT(Y66,FIND("-",Y66)-1)),'Brown tagset'!$A:$A,0)) -> proper noun or part of name phrase | AB66: =INDEX('Brown-Universal mapping'!$B:$B,MATCH(Y66,'Brown-Universal mapping'!$A:$A,0)) -> NOUN | AC66: =IF(Y66=$D66,1,0) -> 1 | AD66: =IF(AB66=$G66,1,0) -> 1 | AF66: NP | AG66: =INDEX('Brown tagset'!$B:$B,MATCH(IF(ISERROR(FIND("-",AF66)),IF(ISERROR(FIND("+",AF66)),AF66,LEFT(AF66,FIND("+",AF66)-1)),LEFT(AF66,FIND("-",AF66)-1)),'Brown tagset'!$A:$A,0)) -> proper noun or part of name phrase | AH66: NOUN | AI66: =INDEX('Brown-Universal mapping'!$B:$B,MATCH(AF66,'Brown-Universal mapping'!$A:$A,0)) -> NOUN | AJ66: =IF(AF66=$D66,1,0) -> 1 | AK66: =IF(AI66=$G66,1,0) -> 1 | AM66: =M66+AC66+AJ66 -> 3 | AN66: =N66+AD66+AK66 -> 3 | AP66: =AG66&AM66 -> proper noun or part of name phrase3
A67: America | D67: NP | E67: =INDEX('Brown tagset'!$B:$B,MATCH(IF(ISERROR(FIND("-",D67)),IF(ISERROR(FIND("+",D67)),D67,LEFT(D67,FIND("+",D67)-1)),LEFT(D67,FIND("-",D67)-1)),'Brown tagset'!$A:$A,0)) -> proper noun or part of name phrase | G67: =INDEX('Brown-Universal mapping'!$B:$B,MATCH(D67,'Brown-Universal mapping'!$A:$A,0)) -> NOUN | I67: NP | J67: =INDEX('Brown tagset'!$B:$B,MATCH(IF(ISERROR(FIND("-",I67)),IF(ISERROR(FIND("+",I67)),I67,LEFT(I67,FIND("+",I67)-1)),LEFT(I67,FIND("-",I67)-1)),'Brown tagset'!$A:$A,0)) -> proper noun or part of name phrase | K67: NOUN | L67: =INDEX('Brown-Universal mapping'!$B:$B,MATCH(I67,'Brown-Universal mapping'!$A:$A,0)) -> NOUN | M67: =IF(I67=$D67,1,0) -> 1 | N67: =IF(L67=$G67,1,0) -> 1 | P67: America | Q67: np-tl | R67: =INDEX('Brown tagset'!$B:$B,MATCH(IF(ISERROR(FIND("-",Q67)),IF(ISERROR(FIND("+",Q67)),Q67,LEFT(Q67,FIND("+",Q67)-1)),LEFT(Q67,FIND("-",Q67)-1)),'Brown tagset'!$A:$A,0)) -> proper noun or part of name phrase | T67: =INDEX('Brown-Universal mapping'!$B:$B,MATCH(Q67,'Brown-Universal mapping'!$A:$A,0)) -> NOUN | U67: =IF(Q67=$D67,1,0) -> 0 | V67: =IF(T67=$G67,1,0) -> 1 | X67: America | Y67: np | Z67: =INDEX('Brown tagset'!$B:$B,MATCH(IF(ISERROR(FIND("-",Y67)),IF(ISERROR(FIND("+",Y67)),Y67,LEFT(Y67,FIND("+",Y67)-1)),LEFT(Y67,FIND("-",Y67)-1)),'Brown tagset'!$A:$A,0)) -> proper noun or part of name phrase | AB67: =INDEX('Brown-Universal mapping'!$B:$B,MATCH(Y67,'Brown-Universal mapping'!$A:$A,0)) -> NOUN | AC67: =IF(Y67=$D67,1,0) -> 1 | AD67: =IF(AB67=$G67,1,0) -> 1 | AF67: NP | AG67: =INDEX('Brown tagset'!$B:$B,MATCH(IF(ISERROR(FIND("-",AF67)),IF(ISERROR(FIND("+",AF67)),AF67,LEFT(AF67,FIND("+",AF67)-1)),LEFT(AF67,FIND("-",AF67)-1)),'Brown tagset'!$A:$A,0)) -> proper noun or part of name phrase | AH67: NOUN | AI67: =INDEX('Brown-Universal mapping'!$B:$B,MATCH(AF67,'Brown-Universal mapping'!$A:$A,0)) -> NOUN | AJ67: =IF(AF67=$D67,1,0) -> 1 | AK67: =IF(AI67=$G67,1,0) -> 1 | AM67: =M67+AC67+AJ67 -> 3 | AN67: =N67+AD67+AK67 -> 3 | AP67: =AG67&AM67 -> proper noun or part of name phrase3
... A98: ! | D98: . | E98: =INDEX('Brown tagset'!$B:$B,MATCH(IF(ISERROR(FIND("-",D98)),IF(ISERROR(FIND("+",D98)),D98,LEFT(D98,FIND("+",D98)-1)),LEFT(D98,FIND("-",D98)-1)),'Brown tagset'!$A:$A,0)) -> sentence (. ; ? *) | G98: =INDEX('Brown-Universal mapping'!$B:$B,MATCH(D98,'Brown-Universal mapping'!$A:$A,0)) -> . | I98: . | J98: =INDEX('Brown tagset'!$B:$B,MATCH(IF(ISERROR(FIND("-",I98)),IF(ISERROR(FIND("+",I98)),I98,LEFT(I98,FIND("+",I98)-1)),LEFT(I98,FIND("-",I98)-1)),'Brown tagset'!$A:$A,0)) -> sentence (. ; ? *) | K98: . | L98: =INDEX('Brown-Universal mapping'!$B:$B,MATCH(I98,'Brown-Universal mapping'!$A:$A,0)) -> . | M98: =IF(I98=$D98,1,0) -> 1 | N98: =IF(L98=$G98,1,0) -> 1 | P98: ! | Q98: . | R98: =INDEX('Brown tagset'!$B:$B,MATCH(IF(ISERROR(FIND("-",Q98)),IF(ISERROR(FIND("+",Q98)),Q98,LEFT(Q98,FIND("+",Q98)-1)),LEFT(Q98,FIND("-",Q98)-1)),'Brown tagset'!$A:$A,0)) -> sentence (. ; ? *) | T98: =INDEX('Brown-Universal mapping'!$B:$B,MATCH(Q98,'Brown-Universal mapping'!$A:$A,0)) -> . | U98: =IF(Q98=$D98,1,0) -> 1 | V98: =IF(T98=$G98,1,0) -> 1 | X98: ! | Y98: . | Z98: =INDEX('Brown tagset'!$B:$B,MATCH(IF(ISERROR(FIND("-",Y98)),IF(ISERROR(FIND("+",Y98)),Y98,LEFT(Y98,FIND("+",Y98)-1)),LEFT(Y98,FIND("-",Y98)-1)),'Brown tagset'!$A:$A,0)) -> sentence (. ; ? *) | AB98: =INDEX('Brown-Universal mapping'!$B:$B,MATCH(Y98,'Brown-Universal mapping'!$A:$A,0)) -> . | AC98: =IF(Y98=$D98,1,0) -> 1 | AD98: =IF(AB98=$G98,1,0) -> 1 | AF98: . | AG98: =INDEX('Brown tagset'!$B:$B,MATCH(IF(ISERROR(FIND("-",AF98)),IF(ISERROR(FIND("+",AF98)),AF98,LEFT(AF98,FIND("+",AF98)-1)),LEFT(AF98,FIND("-",AF98)-1)),'Brown tagset'!$A:$A,0)) -> sentence (. ; ? *) | AH98: . | AI98: =INDEX('Brown-Universal mapping'!$B:$B,MATCH(AF98,'Brown-Universal mapping'!$A:$A,0)) -> . | AJ98: =IF(AF98=$D98,1,0) -> 1 | AK98: =IF(AI98=$G98,1,0) -> 1 | AM98: =M98+AC98+AJ98 -> 3 | AN98: =N98+AD98+AK98 -> 3 | AP98: =AG98&AM98 -> sentence (. ; ? *)3
A99: Therefore | C99: 1 | D99: RB | E99: =INDEX('Brown tagset'!$B:$B,MATCH(IF(ISERROR(FIND("-",D99)),IF(ISERROR(FIND("+",D99)),D99,LEFT(D99,FIND("+",D99)-1)),LEFT(D99,FIND("-",D99)-1)),'Brown tagset'!$A:$A,0)) -> adverb | G99: =INDEX('Brown-Universal mapping'!$B:$B,MATCH(D99,'Brown-Universal mapping'!$A:$A,0)) -> ADV | I99: RB | J99: =INDEX('Brown tagset'!$B:$B,MATCH(IF(ISERROR(FIND("-",I99)),IF(ISERROR(FIND("+",I99)),I99,LEFT(I99,FIND("+",I99)-1)),LEFT(I99,FIND("-",I99)-1)),'Brown tagset'!$A:$A,0)) -> adverb | K99: ADV | L99: =INDEX('Brown-Universal mapping'!$B:$B,MATCH(I99,'Brown-Universal mapping'!$A:$A,0)) -> ADV | M99: =IF(I99=$D99,1,0) -> 1 | N99: =IF(L99=$G99,1,0) -> 1 | P99: Therefore | Q99: rb | R99: =INDEX('Brown tagset'!$B:$B,MATCH(IF(ISERROR(FIND("-",Q99)),IF(ISERROR(FIND("+",Q99)),Q99,LEFT(Q99,FIND("+",Q99)-1)),LEFT(Q99,FIND("-",Q99)-1)),'Brown tagset'!$A:$A,0)) -> adverb | T99: =INDEX('Brown-Universal mapping'!$B:$B,MATCH(Q99,'Brown-Universal mapping'!$A:$A,0)) -> ADV | U99: =IF(Q99=$D99,1,0) -> 1 | V99: =IF(T99=$G99,1,0) -> 1 | X99: Therefore | Y99: rb | Z99: =INDEX('Brown tagset'!$B:$B,MATCH(IF(ISERROR(FIND("-",Y99)),IF(ISERROR(FIND("+",Y99)),Y99,LEFT(Y99,FIND("+",Y99)-1)),LEFT(Y99,FIND("-",Y99)-1)),'Brown tagset'!$A:$A,0)) -> adverb | AB99: =INDEX('Brown-Universal mapping'!$B:$B,MATCH(Y99,'Brown-Universal mapping'!$A:$A,0)) -> ADV | AC99: =IF(Y99=$D99,1,0) -> 1 | AD99: =IF(AB99=$G99,1,0) -> 1 | AF99: RB | AG99: =INDEX('Brown tagset'!$B:$B,MATCH(IF(ISERROR(FIND("-",AF99)),IF(ISERROR(FIND("+",AF99)),AF99,LEFT(AF99,FIND("+",AF99)-1)),LEFT(AF99,FIND("-",AF99)-1)),'Brown tagset'!$A:$A,0)) -> adverb | AH99: ADV | AI99: =INDEX('Brown-Universal mapping'!$B:$B,MATCH(AF99,'Brown-Universal mapping'!$A:$A,0)) -> ADV | AJ99: =IF(AF99=$D99,1,0) -> 1 | AK99: =IF(AI99=$G99,1,0) -> 1 | AM99: =M99+AC99+AJ99 -> 3 | AN99: =N99+AD99+AK99 -> 3 | AP99: =AG99&AM99 -> adverb3
A100: it's | D100: PPS+BEZ | E100: =INDEX('Brown tagset'!$B:$B,MATCH(IF(ISERROR(FIND("-",D100)),IF(ISERROR(FIND("+",D100)),D100,LEFT(D100,FIND("+",D100)-1)),LEFT(D100,FIND("-",D100)-1)),'Brown tagset'!$A:$A,0)) -> 3rd. singular nominative pronoun (he, she, it, one) | G100: =INDEX('Brown-Universal mapping'!$B:$B,MATCH(D100,'Brown-Universal mapping'!$A:$A,0)) -> PRT | I100: PPS+BEZ | J100: =INDEX('Brown tagset'!$B:$B,MATCH(IF(ISERROR(FIND("-",I100)),IF(ISERROR(FIND("+",I100)),I100,LEFT(I100,FIND("+",I100)-1)),LEFT(I100,FIND("-",I100)-1)),'Brown tagset'!$A:$A,0)) -> 3rd. singular nominative pronoun (he, she, it, one) | K100: X | L100: =INDEX('Brown-Universal mapping'!$B:$B,MATCH(I100,'Brown-Universal mapping'!$A:$A,0)) -> PRT | M100: =IF(I100=$D100,1,0) -> 1 | N100: =IF(L100=$G100,1,0) -> 1 | P100: it | Q100: pps | R100: =INDEX('Brown tagset'!$B:$B,MATCH(IF(ISERROR(FIND("-",Q100)),IF(ISERROR(FIND("+",Q100)),Q100,LEFT(Q100,FIND("+",Q100)-1)),LEFT(Q100,FIND("-",Q100)-1)),'Brown tagset'!$A:$A,0)) -> 3rd. singular nominative pronoun (he, she, it, one) | T100: =INDEX('Brown-Universal mapping'!$B:$B,MATCH(Q100,'Brown-Universal mapping'!$A:$A,0)) -> PRON | U100: =IF(Q100=$D100,1,0) -> 0 | V100: =IF(T100=$G100,1,0) -> 0 | X100: it's | Y100: pps+bez | Z100: =INDEX('Brown tagset'!$B:$B,MATCH(IF(ISERROR(FIND("-",Y100)),IF(ISERROR(FIND("+",Y100)),Y100,LEFT(Y100,FIND("+",Y100)-1)),LEFT(Y100,FIND("-",Y100)-1)),'Brown tagset'!$A:$A,0)) -> 3rd. singular nominative pronoun (he, she, it, one) | AB100: =INDEX('Brown-Universal mapping'!$B:$B,MATCH(Y100,'Brown-Universal mapping'!$A:$A,0)) -> PRT | AC100: =IF(Y100=$D100,1,0) -> 1 | AD100: =IF(AB100=$G100,1,0) -> 1 | AF100: PPS+BEZ | AG100: =INDEX('Brown tagset'!$B:$B,MATCH(IF(ISERROR(FIND("-",AF100)),IF(ISERROR(FIND("+",AF100)),AF100,LEFT(AF100,FIND("+",AF100)-1)),LEFT(AF100,FIND("-",AF100)-1)),'Brown tagset'!$A:$A,0)) -> 3rd. singular nominative pronoun (he, she, it, one) | AH100: X | AI100: =INDEX('Brown-Universal mapping'!$B:$B,MATCH(AF100,'Brown-Universal mapping'!$A:$A,0)) -> PRT | AJ100: =IF(AF100=$D100,1,0) -> 1 | AK100: =IF(AI100=$G100,1,0) -> 1 | AM100: =M100+AC100+AJ100 -> 3 | AN100: =N100+AD100+AK100 -> 3 | AP100: =AG100&AM100 -> 3rd. singular nominative pronoun (he, she, it, one)3
A101: a | D101: AT | E101: =INDEX('Brown tagset'!$B:$B,MATCH(IF(ISERROR(FIND("-",D101)),IF(ISERROR(FIND("+",D101)),D101,LEFT(D101,FIND("+",D101)-1)),LEFT(D101,FIND("-",D101)-1)),'Brown tagset'!$A:$A,0)) -> article (a, the, no) | G101: =INDEX('Brown-Universal mapping'!$B:$B,MATCH(D101,'Brown-Universal mapping'!$A:$A,0)) -> DET | I101: AT | J101: =INDEX('Brown tagset'!$B:$B,MATCH(IF(ISERROR(FIND("-",I101)),IF(ISERROR(FIND("+",I101)),I101,LEFT(I101,FIND("+",I101)-1)),LEFT(I101,FIND("-",I101)-1)),'Brown tagset'!$A:$A,0)) -> article (a, the, no) | K101: X | L101: =INDEX('Brown-Universal mapping'!$B:$B,MATCH(I101,'Brown-Universal mapping'!$A:$A,0)) -> DET | M101: =IF(I101=$D101,1,0) -> 1 | N101: =IF(L101=$G101,1,0) -> 1 | P101: a | Q101: at | R101: =INDEX('Brown tagset'!$B:$B,MATCH(IF(ISERROR(FIND("-",Q101)),IF(ISERROR(FIND("+",Q101)),Q101,LEFT(Q101,FIND("+",Q101)-1)),LEFT(Q101,FIND("-",Q101)-1)),'Brown tagset'!$A:$A,0)) -> article (a, the, no) | T101: =INDEX('Brown-Universal mapping'!$B:$B,MATCH(Q101,'Brown-Universal mapping'!$A:$A,0)) -> DET | U101: =IF(Q101=$D101,1,0) -> 1 | V101: =IF(T101=$G101,1,0) -> 1 | X101: a | Y101: at | Z101: =INDEX('Brown tagset'!$B:$B,MATCH(IF(ISERROR(FIND("-",Y101)),IF(ISERROR(FIND("+",Y101)),Y101,LEFT(Y101,FIND("+",Y101)-1)),LEFT(Y101,FIND("-",Y101)-1)),'Brown tagset'!$A:$A,0)) -> article (a, the, no) | AB101: =INDEX('Brown-Universal mapping'!$B:$B,MATCH(Y101,'Brown-Universal mapping'!$A:$A,0)) -> DET | AC101: =IF(Y101=$D101,1,0) -> 1 | AD101: =IF(AB101=$G101,1,0) -> 1 | AF101: AT | AG101: =INDEX('Brown tagset'!$B:$B,MATCH(IF(ISERROR(FIND("-",AF101)),IF(ISERROR(FIND("+",AF101)),AF101,LEFT(AF101,FIND("+",AF101)-1)),LEFT(AF101,FIND("-",AF101)-1)),'Brown tagset'!$A:$A,0)) -> article (a, the, no) | AH101: X | AI101: =INDEX('Brown-Universal mapping'!$B:$B,MATCH(AF101,'Brown-Universal mapping'!$A:$A,0)) -> DET | AJ101: =IF(AF101=$D101,1,0) -> 1 | AK101: =IF(AI101=$G101,1,0) -> 1 | AM101: =M101+AC101+AJ101 -> 3 | AN101: =N101+AD101+AK101 -> 3 | AP101: =AG101&AM101 -> article (a, the, no)3
A102: genuine | D102: JJ | E102: =INDEX('Brown tagset'!$B:$B,MATCH(IF(ISERROR(FIND("-",D102)),IF(ISERROR(FIND("+",D102)),D102,LEFT(D102,FIND("+",D102)-1)),LEFT(D102,FIND("-",D102)-1)),'Brown tagset'!$A:$A,0)) -> adjective | G102: =INDEX('Brown-Universal mapping'!$B:$B,MATCH(D102,'Brown-Universal mapping'!$A:$A,0)) -> ADJ | I102: JJ | J102: =INDEX('Brown tagset'!$B:$B,MATCH(IF(ISERROR(FIND("-",I102)),IF(ISERROR(FIND("+",I102)),I102,LEFT(I102,FIND("+",I102)-1)),LEFT(I102,FIND("-",I102)-1)),'Brown tagset'!$A:$A,0)) -> adjective | K102: ADJ | L102: =INDEX('Brown-Universal mapping'!$B:$B,MATCH(I102,'Brown-Universal mapping'!$A:$A,0)) -> ADJ | M102: =IF(I102=$D102,1,0) -> 1 | N102: =IF(L102=$G102,1,0) -> 1 | P102: genuine | Q102: jj | R102: =INDEX('Brown tagset'!$B:$B,MATCH(IF(ISERROR(FIND("-",Q102)),IF(ISERROR(FIND("+",Q102)),Q102,LEFT(Q102,FIND("+",Q102)-1)),LEFT(Q102,FIND("-",Q102)-1)),'Brown tagset'!$A:$A,0)) -> adjective | T102: =INDEX('Brown-Universal mapping'!$B:$B,MATCH(Q102,'Brown-Universal mapping'!$A:$A,0)) -> ADJ | U102: =IF(Q102=$D102,1,0) -> 1 | V102: =IF(T102=$G102,1,0) -> 1 | X102: genuine | Y102: jj | Z102: =INDEX('Brown tagset'!$B:$B,MATCH(IF(ISERROR(FIND("-",Y102)),IF(ISERROR(FIND("+",Y102)),Y102,LEFT(Y102,FIND("+",Y102)-1)),LEFT(Y102,FIND("-",Y102)-1)),'Brown tagset'!$A:$A,0)) -> adjective | AB102: =INDEX('Brown-Universal mapping'!$B:$B,MATCH(Y102,'Brown-Universal mapping'!$A:$A,0)) -> ADJ | AC102: =IF(Y102=$D102,1,0) -> 1 | AD102: =IF(AB102=$G102,1,0) -> 1 | AF102: JJ | AG102: =INDEX('Brown tagset'!$B:$B,MATCH(IF(ISERROR(FIND("-",AF102)),IF(ISERROR(FIND("+",AF102)),AF102,LEFT(AF102,FIND("+",AF102)-1)),LEFT(AF102,FIND("-",AF102)-1)),'Brown tagset'!$A:$A,0)) -> adjective | AH102: ADJ | AI102: =INDEX('Brown-Universal mapping'!$B:$B,MATCH(AF102,'Brown-Universal mapping'!$A:$A,0)) -> ADJ | AJ102: =IF(AF102=$D102,1,0) -> 1 | AK102: =IF(AI102=$G102,1,0) -> 1 | AM102: =M102+AC102+AJ102 -> 3 | AN102: =N102+AD102+AK102 -> 3 | AP102: =AG102&AM102 -> adjective3
A103: pleasure | D103: NN | E103: =INDEX('Brown tagset'!$B:$B,MATCH(IF(ISERROR(FIND("-",D103)),IF(ISERROR(FIND("+",D103)),D103,LEFT(D103,FIND("+",D103)-1)),LEFT(D103,FIND("-",D103)-1)),'Brown tagset'!$A:$A,0)) -> singular or mass noun | G103: =INDEX('Brown-Universal mapping'!$B:$B,MATCH(D103,'Brown-Universal mapping'!$A:$A,0)) -> NOUN | I103: NN | J103: =INDEX('Brown tagset'!$B:$B,MATCH(IF(ISERROR(FIND("-",I103)),IF(ISERROR(FIND("+",I103)),I103,LEFT(I103,FIND("+",I103)-1)),LEFT(I103,FIND("-",I103)-1)),'Brown tagset'!$A:$A,0)) -> singular or mass noun | K103: NOUN | L103: =INDEX('Brown-Universal mapping'!$B:$B,MATCH(I103,'Brown-Universal mapping'!$A:$A,0)) -> NOUN | M103: =IF(I103=$D103,1,0) -> 1 | N103: =IF(L103=$G103,1,0) -> 1 | P103: pleasure | Q103: nn | R103: =INDEX('Brown tagset'!$B:$B,MATCH(IF(ISERROR(FIND("-",Q103)),IF(ISERROR(FIND("+",Q103)),Q103,LEFT(Q103,FIND("+",Q103)-1)),LEFT(Q103,FIND("-",Q103)-1)),'Brown tagset'!$A:$A,0)) -> singular or mass noun | T103: =INDEX('Brown-Universal mapping'!$B:$B,MATCH(Q103,'Brown-Universal mapping'!$A:$A,0)) -> NOUN | U103: =IF(Q103=$D103,1,0) -> 1 | V103: =IF(T103=$G103,1,0) -> 1 | X103: pleasure | Y103: nn | Z103: =INDEX('Brown tagset'!$B:$B,MATCH(IF(ISERROR(FIND("-",Y103)),IF(ISERROR(FIND("+",Y103)),Y103,LEFT(Y103,FIND("+",Y103)-1)),LEFT(Y103,FIND("-",Y103)-1)),'Brown tagset'!$A:$A,0)) -> singular or mass noun | AB103: =INDEX('Brown-Universal mapping'!$B:$B,MATCH(Y103,'Brown-Universal mapping'!$A:$A,0)) -> NOUN | AC103: =IF(Y103=$D103,1,0) -> 1 | AD103: =IF(AB103=$G103,1,0) -> 1 | AF103: NN | AG103: =INDEX('Brown tagset'!$B:$B,MATCH(IF(ISERROR(FIND("-",AF103)),IF(ISERROR(FIND("+",AF103)),AF103,LEFT(AF103,FIND("+",AF103)-1)),LEFT(AF103,FIND("-",AF103)-1)),'Brown tagset'!$A:$A,0)) -> singular or mass noun | AH103: NOUN | AI103: =INDEX('Brown-Universal mapping'!$B:$B,MATCH(AF103,'Brown-Universal mapping'!$A:$A,0)) -> NOUN | AJ103: =IF(AF103=$D103,1,0) -> 1 | AK103: =IF(AI103=$G103,1,0) -> 1 | AM103: =M103+AC103+AJ103 -> 3 | AN103: =N103+AD103+AK103 -> 3 | AP103: =AG103&AM103 -> singular or mass noun3
A104: to | D104: TO | E104: =INDEX('Brown tagset'!$B:$B,MATCH(IF(ISERROR(FIND("-",D104)),IF(ISERROR(FIND("+",D104)),D104,LEFT(D104,FIND("+",D104)-1)),LEFT(D104,FIND("-",D104)-1)),'Brown tagset'!$A:$A,0)) -> infinitive marker to | G104: =INDEX('Brown-Universal mapping'!$B:$B,MATCH(D104,'Brown-Universal mapping'!$A:$A,0)) -> PRT | I104: TO | J104: =INDEX('Brown tagset'!$B:$B,MATCH(IF(ISERROR(FIND("-",I104)),IF(ISERROR(FIND("+",I104)),I104,LEFT(I104,FIND("+",I104)-1)),LEFT(I104,FIND("-",I104)-1)),'Brown tagset'!$A:$A,0)) -> infinitive marker to | K104: PRT | L104: =INDEX('Brown-Universal mapping'!$B:$B,MATCH(I104,'Brown-Universal mapping'!$A:$A,0)) -> PRT | M104: =IF(I104=$D104,1,0) -> 1 | N104: =IF(L104=$G104,1,0) -> 1 | P104: to | Q104: to | R104: =INDEX('Brown tagset'!$B:$B,MATCH(IF(ISERROR(FIND("-",Q104)),IF(ISERROR(FIND("+",Q104)),Q104,LEFT(Q104,FIND("+",Q104)-1)),LEFT(Q104,FIND("-",Q104)-1)),'Brown tagset'!$A:$A,0)) -> infinitive marker to | T104: =INDEX('Brown-Universal mapping'!$B:$B,MATCH(Q104,'Brown-Universal mapping'!$A:$A,0)) -> PRT | U104: =IF(Q104=$D104,1,0) -> 1 | V104: =IF(T104=$G104,1,0) -> 1 | X104: to | Y104: to | Z104: =INDEX('Brown tagset'!$B:$B,MATCH(IF(ISERROR(FIND("-",Y104)),IF(ISERROR(FIND("+",Y104)),Y104,LEFT(Y104,FIND("+",Y104)-1)),LEFT(Y104,FIND("-",Y104)-1)),'Brown tagset'!$A:$A,0)) -> infinitive marker to | AB104: =INDEX('Brown-Universal mapping'!$B:$B,MATCH(Y104,'Brown-Universal mapping'!$A:$A,0)) -> PRT | AC104: =IF(Y104=$D104,1,0) -> 1 | AD104: =IF(AB104=$G104,1,0) -> 1 | AF104: TO | AG104: =INDEX('Brown tagset'!$B:$B,MATCH(IF(ISERROR(FIND("-",AF104)),IF(ISERROR(FIND("+",AF104)),AF104,LEFT(AF104,FIND("+",AF104)-1)),LEFT(AF104,FIND("-",AF104)-1)),'Brown tagset'!$A:$A,0)) -> infinitive marker to | AH104: PRT | AI104: =INDEX('Brown-Universal mapping'!$B:$B,MATCH(AF104,'Brown-Universal mapping'!$A:$A,0)) -> PRT | AJ104: =IF(AF104=$D104,1,0) -> 1 | AK104: =IF(AI104=$G104,1,0) -> 1 | AM104: =M104+AC104+AJ104 -> 3 | AN104: =N104+AD104+AK104 -> 3 | AP104: =AG104&AM104 -> infinitive marker to3
A105: tell | D105: VB | E105: =INDEX('Brown tagset'!$B:$B,MATCH(IF(ISERROR(FIND("-",D105)),IF(ISERROR(FIND("+",D105)),D105,LEFT(D105,FIND("+",D105)-1)),LEFT(D105,FIND("-",D105)-1)),'Brown tagset'!$A:$A,0)) -> verb, base form | G105: =INDEX('Brown-Universal mapping'!$B:$B,MATCH(D105,'Brown-Universal mapping'!$A:$A,0)) -> VERB | I105: VB | J105: =INDEX('Brown tagset'!$B:$B,MATCH(IF(ISERROR(FIND("-",I105)),IF(ISERROR(FIND("+",I105)),I105,LEFT(I105,FIND("+",I105)-1)),LEFT(I105,FIND("-",I105)-1)),'Brown tagset'!$A:$A,0)) -> verb, base form | K105: VERB | L105: =INDEX('Brown-Universal mapping'!$B:$B,MATCH(I105,'Brown-Universal mapping'!$A:$A,0)) -> VERB | M105: =IF(I105=$D105,1,0) -> 1 | N105: =IF(L105=$G105,1,0) -> 1 | P105: tell | Q105: vb | R105: =INDEX('Brown tagset'!$B:$B,MATCH(IF(ISERROR(FIND("-",Q105)),IF(ISERROR(FIND("+",Q105)),Q105,LEFT(Q105,FIND("+",Q105)-1)),LEFT(Q105,FIND("-",Q105)-1)),'Brown tagset'!$A:$A,0)) -> verb, base form | T105: =INDEX('Brown-Universal mapping'!$B:$B,MATCH(Q105,'Brown-Universal mapping'!$A:$A,0)) -> VERB | U105: =IF(Q105=$D105,1,0) -> 1 | V105: =IF(T105=$G105,1,0) -> 1 | X105: tell | Y105: vb | Z105: =INDEX('Brown tagset'!$B:$B,MATCH(IF(ISERROR(FIND("-",Y105)),IF(ISERROR(FIND("+",Y105)),Y105,LEFT(Y105,FIND("+",Y105)-1)),LEFT(Y105,FIND("-",Y105)-1)),'Brown tagset'!$A:$A,0)) -> verb, base form | AB105: =INDEX('Brown-Universal mapping'!$B:$B,MATCH(Y105,'Brown-Universal mapping'!$A:$A,0)) -> VERB | AC105: =IF(Y105=$D105,1,0) -> 1 | AD105: =IF(AB105=$G105,1,0) -> 1 | AF105: VB | AG105: =INDEX('Brown tagset'!$B:$B,MATCH(IF(ISERROR(FIND("-",AF105)),IF(ISERROR(FIND("+",AF105)),AF105,LEFT(AF105,FIND("+",AF105)-1)),LEFT(AF105,FIND("-",AF105)-1)),'Brown tagset'!$A:$A,0)) -> verb, base form | AH105: VERB | AI105: =INDEX('Brown-Universal mapping'!$B:$B,MATCH(AF105,'Brown-Universal mapping'!$A:$A,0)) -> VERB | AJ105: =IF(AF105=$D105,1,0) -> 1 | AK105: =IF(AI105=$G105,1,0) -> 1 | AM105: =M105+AC105+AJ105 -> 3 | AN105: =N105+AD105+AK105 -> 3 | AP105: =AG105&AM105 -> verb, base form3
A106: you | D106: PPO | E106: =INDEX('Brown tagset'!$B:$B,MATCH(IF(ISERROR(FIND("-",D106)),IF(ISERROR(FIND("+",D106)),D106,LEFT(D106,FIND("+",D106)-1)),LEFT(D106,FIND("-",D106)-1)),'Brown tagset'!$A:$A,0)) -> objective personal pronoun (me, him, it, them) | G106: =INDEX('Brown-Universal mapping'!$B:$B,MATCH(D106,'Brown-Universal mapping'!$A:$A,0)) -> PRON | I106: PPO | J106: =INDEX('Brown tagset'!$B:$B,MATCH(IF(ISERROR(FIND("-",I106)),IF(ISERROR(FIND("+",I106)),I106,LEFT(I106,FIND("+",I106)-1)),LEFT(I106,FIND("-",I106)-1)),'Brown tagset'!$A:$A,0)) -> objective personal pronoun (me, him, it, them) | K106: X | L106: =INDEX('Brown-Universal mapping'!$B:$B,MATCH(I106,'Brown-Universal mapping'!$A:$A,0)) -> PRON | M106: =IF(I106=$D106,1,0) -> 1 | N106: =IF(L106=$G106,1,0) -> 1 | P106: you | Q106: ppo | R106: =INDEX('Brown tagset'!$B:$B,MATCH(IF(ISERROR(FIND("-",Q106)),IF(ISERROR(FIND("+",Q106)),Q106,LEFT(Q106,FIND("+",Q106)-1)),LEFT(Q106,FIND("-",Q106)-1)),'Brown tagset'!$A:$A,0)) -> objective personal pronoun (me, him, it, them) | T106: =INDEX('Brown-Universal mapping'!$B:$B,MATCH(Q106,'Brown-Universal mapping'!$A:$A,0)) -> PRON | U106: =IF(Q106=$D106,1,0) -> 1 | V106: =IF(T106=$G106,1,0) -> 1 | X106: you | Y106: ppo | Z106: =INDEX('Brown tagset'!$B:$B,MATCH(IF(ISERROR(FIND("-",Y106)),IF(ISERROR(FIND("+",Y106)),Y106,LEFT(Y106,FIND("+",Y106)-1)),LEFT(Y106,FIND("-",Y106)-1)),'Brown tagset'!$A:$A,0)) -> objective personal pronoun (me, him, it, them) | AB106: =INDEX('Brown-Universal mapping'!$B:$B,MATCH(Y106,'Brown-Universal mapping'!$A:$A,0)) -> PRON | AC106: =IF(Y106=$D106,1,0) -> 1 | AD106: =IF(AB106=$G106,1,0) -> 1 | AF106: PPO | AG106: =INDEX('Brown tagset'!$B:$B,MATCH(IF(ISERROR(FIND("-",AF106)),IF(ISERROR(FIND("+",AF106)),AF106,LEFT(AF106,FIND("+",AF106)-1)),LEFT(AF106,FIND("-",AF106)-1)),'Brown tagset'!$A:$A,0)) -> objective personal pronoun (me, him, it, them) | AH106: X | AI106: =INDEX('Brown-Universal mapping'!$B:$B,MATCH(AF106,'Brown-Universal mapping'!$A:$A,0)) -> PRON | AJ106: =IF(AF106=$D106,1,0) -> 1 | AK106: =IF(AI106=$G106,1,0) -> 1 | AM106: =M106+AC106+AJ106 -> 3 | AN106: =N106+AD106+AK106 -> 3 | AP106: =AG106&AM106 -> objective personal pronoun (me, him, it, them)3
A107: about | D107: IN | E107: =INDEX('Brown tagset'!$B:$B,MATCH(IF(ISERROR(FIND("-",D107)),IF(ISERROR(FIND("+",D107)),D107,LEFT(D107,FIND("+",D107)-1)),LEFT(D107,FIND("-",D107)-1)),'Brown tagset'!$A:$A,0)) -> preposition | G107: =INDEX('Brown-Universal mapping'!$B:$B,MATCH(D107,'Brown-Universal mapping'!$A:$A,0)) -> ADP | I107: IN | J107: =INDEX('Brown tagset'!$B:$B,MATCH(IF(ISERROR(FIND("-",I107)),IF(ISERROR(FIND("+",I107)),I107,LEFT(I107,FIND("+",I107)-1)),LEFT(I107,FIND("-",I107)-1)),'Brown tagset'!$A:$A,0)) -> preposition | K107: ADP | L107: =INDEX('Brown-Universal mapping'!$B:$B,MATCH(I107,'Brown-Universal mapping'!$A:$A,0)) -> ADP | M107: =IF(I107=$D107,1,0) -> 1 | N107: =IF(L107=$G107,1,0) -> 1 | P107: about | Q107: in | R107: =INDEX('Brown tagset'!$B:$B,MATCH(IF(ISERROR(FIND("-",Q107)),IF(ISERROR(FIND("+",Q107)),Q107,LEFT(Q107,FIND("+",Q107)-1)),LEFT(Q107,FIND("-",Q107)-1)),'Brown tagset'!$A:$A,0)) -> preposition | T107: =INDEX('Brown-Universal mapping'!$B:$B,MATCH(Q107,'Brown-Universal mapping'!$A:$A,0)) -> ADP | U107: =IF(Q107=$D107,1,0) -> 1 | V107: =IF(T107=$G107,1,0) -> 1 | X107: about | Y107: in | Z107: =INDEX('Brown tagset'!$B:$B,MATCH(IF(ISERROR(FIND("-",Y107)),IF(ISERROR(FIND("+",Y107)),Y107,LEFT(Y107,FIND("+",Y107)-1)),LEFT(Y107,FIND("-",Y107)-1)),'Brown tagset'!$A:$A,0)) -> preposition | AB107: =INDEX('Brown-Universal mapping'!$B:$B,MATCH(Y107,'Brown-Universal mapping'!$A:$A,0)) -> ADP | AC107: =IF(Y107=$D107,1,0) -> 1 | AD107: =IF(AB107=$G107,1,0) -> 1 | AF107: IN | AG107: =INDEX('Brown tagset'!$B:$B,MATCH(IF(ISERROR(FIND("-",AF107)),IF(ISERROR(FIND("+",AF107)),AF107,LEFT(AF107,FIND("+",AF107)-1)),LEFT(AF107,FIND("-",AF107)-1)),'Brown tagset'!$A:$A,0)) -> preposition | AH107: ADP | AI107: =INDEX('Brown-Universal mapping'!$B:$B,MATCH(AF107,'Brown-Universal mapping'!$A:$A,0)) -> ADP | AJ107: =IF(AF107=$D107,1,0) -> 1 | AK107: =IF(AI107=$G107,1,0) -> 1 | AM107: =M107+AC107+AJ107 -> 3 | AN107: =N107+AD107+AK107 -> 3 | AP107: =AG107&AM107 -> preposition3
A108: an | D108: AT | E108: =INDEX('Brown tagset'!$B:$B,MATCH(IF(ISERROR(FIND("-",D108)),IF(ISERROR(FIND("+",D108)),D108,LEFT(D108,FIND("+",D108)-1)),LEFT(D108,FIND("-",D108)-1)),'Brown tagset'!$A:$A,0)) -> article (a, the, no) | G108: =INDEX('Brown-Universal mapping'!$B:$B,MATCH(D108,'Brown-Universal mapping'!$A:$A,0)) -> DET | I108: AT | J108: =INDEX('Brown tagset'!$B:$B,MATCH(IF(ISERROR(FIND("-",I108)),IF(ISERROR(FIND("+",I108)),I108,LEFT(I108,FIND("+",I108)-1)),LEFT(I108,FIND("-",I108)-1)),'Brown tagset'!$A:$A,0)) -> article (a, the, no) | K108: X | L108: =INDEX('Brown-Universal mapping'!$B:$B,MATCH(I108,'Brown-Universal mapping'!$A:$A,0)) -> DET | M108: =IF(I108=$D108,1,0) -> 1 | N108: =IF(L108=$G108,1,0) -> 1 | P108: an | Q108: at | R108: =INDEX('Brown tagset'!$B:$B,MATCH(IF(ISERROR(FIND("-",Q108)),IF(ISERROR(FIND("+",Q108)),Q108,LEFT(Q108,FIND("+",Q108)-1)),LEFT(Q108,FIND("-",Q108)-1)),'Brown tagset'!$A:$A,0)) -> article (a, the, no) | T108: =INDEX('Brown-Universal mapping'!$B:$B,MATCH(Q108,'Brown-Universal mapping'!$A:$A,0)) -> DET | U108: =IF(Q108=$D108,1,0) -> 1 | V108: =IF(T108=$G108,1,0) -> 1 | X108: an | Y108: at | Z108: =INDEX('Brown tagset'!$B:$B,MATCH(IF(ISERROR(FIND("-",Y108)),IF(ISERROR(FIND("+",Y108)),Y108,LEFT(Y108,FIND("+",Y108)-1)),LEFT(Y108,FIND("-",Y108)-1)),'Brown tagset'!$A:$A,0)) -> article (a, the, no) | AB108: =INDEX('Brown-Universal mapping'!$B:$B,MATCH(Y108,'Brown-Universal mapping'!$A:$A,0)) -> DET | AC108: =IF(Y108=$D108,1,0) -> 1 | AD108: =IF(AB108=$G108,1,0) -> 1 | AF108: AT | AG108: =INDEX('Brown tagset'!$B:$B,MATCH(IF(ISERROR(FIND("-",AF108)),IF(ISERROR(FIND("+",AF108)),AF108,LEFT(AF108,FIND("+",AF108)-1)),LEFT(AF108,FIND("-",AF108)-1)),'Brown tagset'!$A:$A,0)) -> article (a, the, no) | AH108: X | AI108: =INDEX('Brown-Universal mapping'!$B:$B,MATCH(AF108,'Brown-Universal mapping'!$A:$A,0)) -> DET | AJ108: =IF(AF108=$D108,1,0) -> 1 | AK108: =IF(AI108=$G108,1,0) -> 1 | AM108: =M108+AC108+AJ108 -> 3 | AN108: =N108+AD108+AK108 -> 3 | AP108: =AG108&AM108 -> article (a, the, no)3
A109: entirely | C109: 1 | D109: QL | E109: =INDEX('Brown tagset'!$B:$B,MATCH(IF(ISERROR(FIND("-",D109)),IF(ISERROR(FIND("+",D109)),D109,LEFT(D109,FIND("+",D109)-1)),LEFT(D109,FIND("-",D109)-1)),'Brown tagset'!$A:$A,0)) -> qualifier (very, fairly) | G109: =INDEX('Brown-Universal mapping'!$B:$B,MATCH(D109,'Brown-Universal mapping'!$A:$A,0)) -> ADV | I109: QL | J109: =INDEX('Brown tagset'!$B:$B,MATCH(IF(ISERROR(FIND("-",I109)),IF(ISERROR(FIND("+",I109)),I109,LEFT(I109,FIND("+",I109)-1)),LEFT(I109,FIND("-",I109)-1)),'Brown tagset'!$A:$A,0)) -> qualifier (very, fairly) | K109: X | L109: =INDEX('Brown-Universal mapping'!$B:$B,MATCH(I109,'Brown-Universal mapping'!$A:$A,0)) -> ADV | M109: =IF(I109=$D109,1,0) -> 1 | N109: =IF(L109=$G109,1,0) -> 1 | P109: entirely | Q109: rb | R109: =INDEX('Brown tagset'!$B:$B,MATCH(IF(ISERROR(FIND("-",Q109)),IF(ISERROR(FIND("+",Q109)),Q109,LEFT(Q109,FIND("+",Q109)-1)),LEFT(Q109,FIND("-",Q109)-1)),'Brown tagset'!$A:$A,0)) -> adverb | T109: =INDEX('Brown-Universal mapping'!$B:$B,MATCH(Q109,'Brown-Universal mapping'!$A:$A,0)) -> ADV | U109: =IF(Q109=$D109,1,0) -> 0 | V109: =IF(T109=$G109,1,0) -> 1 | X109: entirely | Y109: ql | Z109: =INDEX('Brown tagset'!$B:$B,MATCH(IF(ISERROR(FIND("-",Y109)),IF(ISERROR(FIND("+",Y109)),Y109,LEFT(Y109,FIND("+",Y109)-1)),LEFT(Y109,FIND("-",Y109)-1)),'Brown tagset'!$A:$A,0)) -> qualifier (very, fairly) | AB109: =INDEX('Brown-Universal mapping'!$B:$B,MATCH(Y109,'Brown-Universal mapping'!$A:$A,0)) -> ADV | AC109: =IF(Y109=$D109,1,0) -> 1 | AD109: =IF(AB109=$G109,1,0) -> 1 | AF109: QL | AG109: =INDEX('Brown tagset'!$B:$B,MATCH(IF(ISERROR(FIND("-",AF109)),IF(ISERROR(FIND("+",AF109)),AF109,LEFT(AF109,FIND("+",AF109)-1)),LEFT(AF109,FIND("-",AF109)-1)),'Brown tagset'!$A:$A,0)) -> qualifier (very, fairly) | AH109: X | AI109: =INDEX('Brown-Universal mapping'!$B:$B,MATCH(AF109,'Brown-Universal mapping'!$A:$A,0)) -> ADV | AJ109: =IF(AF109=$D109,1,0) -> 1 | AK109: =IF(AI109=$G109,1,0) -> 1 | AM109: =M109+AC109+AJ109 -> 3 | AN109: =N109+AD109+AK109 -> 3 | AP109: =AG109&AM109 -> qualifier (very, fairly)3
A110: happy | D110: JJ | E110: =INDEX('Brown tagset'!$B:$B,MATCH(IF(ISERROR(FIND("-",D110)),IF(ISERROR(FIND("+",D110)),D110,LEFT(D110,FIND("+",D110)-1)),LEFT(D110,FIND("-",D110)-1)),'Brown tagset'!$A:$A,0)) -> adjective | G110: =INDEX('Brown-Universal mapping'!$B:$B,MATCH(D110,'Brown-Universal mapping'!$A:$A,0)) -> ADJ | I110: JJ | J110: =INDEX('Brown tagset'!$B:$B,MATCH(IF(ISERROR(FIND("-",I110)),IF(ISERROR(FIND("+",I110)),I110,LEFT(I110,FIND("+",I110)-1)),LEFT(I110,FIND("-",I110)-1)),'Brown tagset'!$A:$A,0)) -> adjective | K110: ADJ | L110: =INDEX('Brown-Universal mapping'!$B:$B,MATCH(I110,'Brown-Universal mapping'!$A:$A,0)) -> ADJ | M110: =IF(I110=$D110,1,0) -> 1 | N110: =IF(L110=$G110,1,0) -> 1 | P110: happy | Q110: jj | R110: =INDEX('Brown tagset'!$B:$B,MATCH(IF(ISERROR(FIND("-",Q110)),IF(ISERROR(FIND("+",Q110)),Q110,LEFT(Q110,FIND("+",Q110)-1)),LEFT(Q110,FIND("-",Q110)-1)),'Brown tagset'!$A:$A,0)) -> adjective | T110: =INDEX('Brown-Universal mapping'!$B:$B,MATCH(Q110,'Brown-Universal mapping'!$A:$A,0)) -> ADJ | U110: =IF(Q110=$D110,1,0) -> 1 | V110: =IF(T110=$G110,1,0) -> 1 | X110: happy | Y110: jj | Z110: =INDEX('Brown tagset'!$B:$B,MATCH(IF(ISERROR(FIND("-",Y110)),IF(ISERROR(FIND("+",Y110)),Y110,LEFT(Y110,FIND("+",Y110)-1)),LEFT(Y110,FIND("-",Y110)-1)),'Brown tagset'!$A:$A,0)) -> adjective | AB110: =INDEX('Brown-Universal mapping'!$B:$B,MATCH(Y110,'Brown-Universal mapping'!$A:$A,0)) -> ADJ | AC110: =IF(Y110=$D110,1,0) -> 1 | AD110: =IF(AB110=$G110,1,0) -> 1 | AF110: JJ | AG110: =INDEX('Brown tagset'!$B:$B,MATCH(IF(ISERROR(FIND("-",AF110)),IF(ISERROR(FIND("+",AF110)),AF110,LEFT(AF110,FIND("+",AF110)-1)),LEFT(AF110,FIND("-",AF110)-1)),'Brown tagset'!$A:$A,0)) -> adjective | AH110: ADJ | AI110: =INDEX('Brown-Universal mapping'!$B:$B,MATCH(AF110,'Brown-Universal mapping'!$A:$A,0)) -> ADJ | AJ110: =IF(AF110=$D110,1,0) -> 1 | AK110: =IF(AI110=$G110,1,0) -> 1 | AM110: =M110+AC110+AJ110 -> 3 | AN110: =N110+AD110+AK110 -> 3 | AP110: =AG110&AM110 -> adjective3
A111: bodybuilder | D111: NN | E111: =INDEX('Brown tagset'!$B:$B,MATCH(IF(ISERROR(FIND("-",D111)),IF(ISERROR(FIND("+",D111)),D111,LEFT(D111,FIND("+",D111)-1)),LEFT(D111,FIND("-",D111)-1)),'Brown tagset'!$A:$A,0)) -> singular or mass noun | G111: =INDEX('Brown-Universal mapping'!$B:$B,MATCH(D111,'Brown-Universal mapping'!$A:$A,0)) -> NOUN | I111: NN | J111: =INDEX('Brown tagset'!$B:$B,MATCH(IF(ISERROR(FIND("-",I111)),IF(ISERROR(FIND("+",I111)),I111,LEFT(I111,FIND("+",I111)-1)),LEFT(I111,FIND("-",I111)-1)),'Brown tagset'!$A:$A,0)) -> singular or mass noun | K111: NOUN | L111: =INDEX('Brown-Universal mapping'!$B:$B,MATCH(I111,'Brown-Universal mapping'!$A:$A,0)) -> NOUN | M111: =IF(I111=$D111,1,0) -> 1 | N111: =IF(L111=$G111,1,0) -> 1 | P111: bodybuilder | Q111: nn | R111: =INDEX('Brown tagset'!$B:$B,MATCH(IF(ISERROR(FIND("-",Q111)),IF(ISERROR(FIND("+",Q111)),Q111,LEFT(Q111,FIND("+",Q111)-1)),LEFT(Q111,FIND("-",Q111)-1)),'Brown tagset'!$A:$A,0)) -> singular or mass noun | T111: =INDEX('Brown-Universal mapping'!$B:$B,MATCH(Q111,'Brown-Universal mapping'!$A:$A,0)) -> NOUN | U111: =IF(Q111=$D111,1,0) -> 1 | V111: =IF(T111=$G111,1,0) -> 1 | X111: bodybuilder | Y111: nn | Z111: =INDEX('Brown tagset'!$B:$B,MATCH(IF(ISERROR(FIND("-",Y111)),IF(ISERROR(FIND("+",Y111)),Y111,LEFT(Y111,FIND("+",Y111)-1)),LEFT(Y111,FIND("-",Y111)-1)),'Brown tagset'!$A:$A,0)) -> singular or mass noun | AB111: =INDEX('Brown-Universal mapping'!$B:$B,MATCH(Y111,'Brown-Universal mapping'!$A:$A,0)) -> NOUN | AC111: =IF(Y111=$D111,1,0) -> 1 | AD111: =IF(AB111=$G111,1,0) -> 1 | AF111: Unk | AG111: =INDEX('Brown tagset'!$B:$B,MATCH(IF(ISERROR(FIND("-",AF111)),IF(ISERROR(FIND("+",AF111)),AF111,LEFT(AF111,FIND("+",AF111)-1)),LEFT(AF111,FIND("-",AF111)-1)),'Brown tagset'!$A:$A,0)) -> unknown | AH111: X | AI111: =INDEX('Brown-Universal mapping'!$B:$B,MATCH(AF111,'Brown-Universal mapping'!$A:$A,0)) -> Unknown | AJ111: =IF(AF111=$D111,1,0) -> 0 | AK111: =IF(AI111=$G111,1,0) -> 0 | AM111: =M111+AC111+AJ111 -> 2 | AN111: =N111+AD111+AK111 -> 2 | AP111: =AG111&AM111 -> unknown2
A112: who | D112: WPS | E112: =INDEX('Brown tagset'!$B:$B,MATCH(IF(ISERROR(FIND("-",D112)),IF(ISERROR(FIND("+",D112)),D112,LEFT(D112,FIND("+",D112)-1)),LEFT(D112,FIND("-",D112)-1)),'Brown tagset'!$A:$A,0)) -> nominative wh- pronoun (who, which, that) | G112: =INDEX('Brown-Universal mapping'!$B:$B,MATCH(D112,'Brown-Universal mapping'!$A:$A,0)) -> PRON | I112: WPS | J112: =INDEX('Brown tagset'!$B:$B,MATCH(IF(ISERROR(FIND("-",I112)),IF(ISERROR(FIND("+",I112)),I112,LEFT(I112,FIND("+",I112)-1)),LEFT(I112,FIND("-",I112)-1)),'Brown tagset'!$A:$A,0)) -> nominative wh- pronoun (who, which, that) | K112: X | L112: =INDEX('Brown-Universal mapping'!$B:$B,MATCH(I112,'Brown-Universal mapping'!$A:$A,0)) -> PRON | M112: =IF(I112=$D112,1,0) -> 1 | N112: =IF(L112=$G112,1,0) -> 1 | P112: who | Q112: wps | R112: =INDEX('Brown tagset'!$B:$B,MATCH(IF(ISERROR(FIND("-",Q112)),IF(ISERROR(FIND("+",Q112)),Q112,LEFT(Q112,FIND("+",Q112)-1)),LEFT(Q112,FIND("-",Q112)-1)),'Brown tagset'!$A:$A,0)) -> nominative wh- pronoun (who, which, that) | T112: =INDEX('Brown-Universal mapping'!$B:$B,MATCH(Q112,'Brown-Universal mapping'!$A:$A,0)) -> PRON | U112: =IF(Q112=$D112,1,0) -> 1 | V112: =IF(T112=$G112,1,0) -> 1 | X112: who | Y112: wps | Z112: =INDEX('Brown tagset'!$B:$B,MATCH(IF(ISERROR(FIND("-",Y112)),IF(ISERROR(FIND("+",Y112)),Y112,LEFT(Y112,FIND("+",Y112)-1)),LEFT(Y112,FIND("-",Y112)-1)),'Brown tagset'!$A:$A,0)) -> nominative wh- pronoun (who, which, that) | AB112: =INDEX('Brown-Universal mapping'!$B:$B,MATCH(Y112,'Brown-Universal mapping'!$A:$A,0)) -> PRON | AC112: =IF(Y112=$D112,1,0) -> 1 | AD112: =IF(AB112=$G112,1,0) -> 1 | AF112: WPS | AG112: =INDEX('Brown tagset'!$B:$B,MATCH(IF(ISERROR(FIND("-",AF112)),IF(ISERROR(FIND("+",AF112)),AF112,LEFT(AF112,FIND("+",AF112)-1)),LEFT(AF112,FIND("-",AF112)-1)),'Brown tagset'!$A:$A,0)) -> nominative wh- pronoun (who, which, that) | AH112: X | AI112: =INDEX('Brown-Universal mapping'!$B:$B,MATCH(AF112,'Brown-Universal mapping'!$A:$A,0)) -> PRON | AJ112: =IF(AF112=$D112,1,0) -> 1 | AK112: =IF(AI112=$G112,1,0) -> 1 | AM112: =M112+AC112+AJ112 -> 3 | AN112: =N112+AD112+AK112 -> 3 | AP112: =AG112&AM112 -> nominative wh- pronoun (who, which, that)3
A113: has | D113: HVZ | E113: =INDEX('Brown tagset'!$B:$B,MATCH(IF(ISERROR(FIND("-",D113)),IF(ISERROR(FIND("+",D113)),D113,LEFT(D113,FIND("+",D113)-1)),LEFT(D113,FIND("-",D113)-1)),'Brown tagset'!$A:$A,0)) -> has | G113: =INDEX('Brown-Universal mapping'!$B:$B,MATCH(D113,'Brown-Universal mapping'!$A:$A,0)) -> VERB | I113: HVZ | J113: =INDEX('Brown tagset'!$B:$B,MATCH(IF(ISERROR(FIND("-",I113)),IF(ISERROR(FIND("+",I113)),I113,LEFT(I113,FIND("+",I113)-1)),LEFT(I113,FIND("-",I113)-1)),'Brown tagset'!$A:$A,0)) -> has | K113: X | L113: =INDEX('Brown-Universal mapping'!$B:$B,MATCH(I113,'Brown-Universal mapping'!$A:$A,0)) -> VERB | M113: =IF(I113=$D113,1,0) -> 1 | N113: =IF(L113=$G113,1,0) -> 1 | P113: has | Q113: hvz | R113: =INDEX('Brown tagset'!$B:$B,MATCH(IF(ISERROR(FIND("-",Q113)),IF(ISERROR(FIND("+",Q113)),Q113,LEFT(Q113,FIND("+",Q113)-1)),LEFT(Q113,FIND("-",Q113)-1)),'Brown tagset'!$A:$A,0)) -> has | T113: =INDEX('Brown-Universal mapping'!$B:$B,MATCH(Q113,'Brown-Universal mapping'!$A:$A,0)) -> VERB | U113: =IF(Q113=$D113,1,0) -> 1 | V113: =IF(T113=$G113,1,0) -> 1 | X113: has | Y113: hvz | Z113: =INDEX('Brown tagset'!$B:$B,MATCH(IF(ISERROR(FIND("-",Y113)),IF(ISERROR(FIND("+",Y113)),Y113,LEFT(Y113,FIND("+",Y113)-1)),LEFT(Y113,FIND("-",Y113)-1)),'Brown tagset'!$A:$A,0)) -> has | AB113: =INDEX('Brown-Universal mapping'!$B:$B,MATCH(Y113,'Brown-Universal mapping'!$A:$A,0)) -> VERB | AC113: =IF(Y113=$D113,1,0) -> 1 | AD113: =IF(AB113=$G113,1,0) -> 1 | AF113: HVZ | AG113: =INDEX('Brown tagset'!$B:$B,MATCH(IF(ISERROR(FIND("-",AF113)),IF(ISERROR(FIND("+",AF113)),AF113,LEFT(AF113,FIND("+",AF113)-1)),LEFT(AF113,FIND("-",AF113)-1)),'Brown tagset'!$A:$A,0)) -> has | AH113: X | AI113: =INDEX('Brown-Universal mapping'!$B:$B,MATCH(AF113,'Brown-Universal mapping'!$A:$A,0)) -> VERB | AJ113: =IF(AF113=$D113,1,0) -> 1 | AK113: =IF(AI113=$G113,1,0) -> 1 | AM113: =M113+AC113+AJ113 -> 3 | AN113: =N113+AD113+AK113 -> 3 | AP113: =AG113&AM113 -> has3
A114: never | C114: 1 | D114: RB | E114: =INDEX('Brown tagset'!$B:$B,MATCH(IF(ISERROR(FIND("-",D114)),IF(ISERROR(FIND("+",D114)),D114,LEFT(D114,FIND("+",D114)-1)),LEFT(D114,FIND("-",D114)-1)),'Brown tagset'!$A:$A,0)) -> adverb | G114: =INDEX('Brown-Universal mapping'!$B:$B,MATCH(D114,'Brown-Universal mapping'!$A:$A,0)) -> ADV | I114: RB | J114: =INDEX('Brown tagset'!$B:$B,MATCH(IF(ISERROR(FIND("-",I114)),IF(ISERROR(FIND("+",I114)),I114,LEFT(I114,FIND("+",I114)-1)),LEFT(I114,FIND("-",I114)-1)),'Brown tagset'!$A:$A,0)) -> adverb | K114: ADV | L114: =INDEX('Brown-Universal mapping'!$B:$B,MATCH(I114,'Brown-Universal mapping'!$A:$A,0)) -> ADV | M114: =IF(I114=$D114,1,0) -> 1 | N114: =IF(L114=$G114,1,0) -> 1 | P114: never | Q114: rb | R114: =INDEX('Brown tagset'!$B:$B,MATCH(IF(ISERROR(FIND("-",Q114)),IF(ISERROR(FIND("+",Q114)),Q114,LEFT(Q114,FIND("+",Q114)-1)),LEFT(Q114,FIND("-",Q114)-1)),'Brown tagset'!$A:$A,0)) -> adverb | T114: =INDEX('Brown-Universal mapping'!$B:$B,MATCH(Q114,'Brown-Universal mapping'!$A:$A,0)) -> ADV | U114: =IF(Q114=$D114,1,0) -> 1 | V114: =IF(T114=$G114,1,0) -> 1 | X114: never | Y114: rb | Z114: =INDEX('Brown tagset'!$B:$B,MATCH(IF(ISERROR(FIND("-",Y114)),IF(ISERROR(FIND("+",Y114)),Y114,LEFT(Y114,FIND("+",Y114)-1)),LEFT(Y114,FIND("-",Y114)-1)),'Brown tagset'!$A:$A,0)) -> adverb | AB114: =INDEX('Brown-Universal mapping'!$B:$B,MATCH(Y114,'Brown-Universal mapping'!$A:$A,0)) -> ADV | AC114: =IF(Y114=$D114,1,0) -> 1 | AD114: =IF(AB114=$G114,1,0) -> 1 | AF114: RB | AG114: =INDEX('Brown tagset'!$B:$B,MATCH(IF(ISERROR(FIND("-",AF114)),IF(ISERROR(FIND("+",AF114)),AF114,LEFT(AF114,FIND("+",AF114)-1)),LEFT(AF114,FIND("-",AF114)-1)),'Brown tagset'!$A:$A,0)) -> adverb | AH114: ADV | AI114: =INDEX('Brown-Universal mapping'!$B:$B,MATCH(AF114,'Brown-Universal mapping'!$A:$A,0)) -> ADV | AJ114: =IF(AF114=$D114,1,0) -> 1 | AK114: =IF(AI114=$G114,1,0) -> 1 | AM114: =M114+AC114+AJ114 -> 3 | AN114: =N114+AD114+AK114 -> 3 | AP114: =AG114&AM114 -> adverb3
A115: had | D115: HVN | E115: =INDEX('Brown tagset'!$B:$B,MATCH(IF(ISERROR(FIND("-",D115)),IF(ISERROR(FIND("+",D115)),D115,LEFT(D115,FIND("+",D115)-1)),LEFT(D115,FIND("-",D115)-1)),'Brown tagset'!$A:$A,0)) -> had (past participle) | G115: =INDEX('Brown-Universal mapping'!$B:$B,MATCH(D115,'Brown-Universal mapping'!$A:$A,0)) -> VERB | I115: HVN | J115: =INDEX('Brown tagset'!$B:$B,MATCH(IF(ISERROR(FIND("-",I115)),IF(ISERROR(FIND("+",I115)),I115,LEFT(I115,FIND("+",I115)-1)),LEFT(I115,FIND("-",I115)-1)),'Brown tagset'!$A:$A,0)) -> had (past participle) | K115: X | L115: =INDEX('Brown-Universal mapping'!$B:$B,MATCH(I115,'Brown-Universal mapping'!$A:$A,0)) -> VERB | M115: =IF(I115=$D115,1,0) -> 1 | N115: =IF(L115=$G115,1,0) -> 1 | P115: had | Q115: hvd | R115: =INDEX('Brown tagset'!$B:$B,MATCH(IF(ISERROR(FIND("-",Q115)),IF(ISERROR(FIND("+",Q115)),Q115,LEFT(Q115,FIND("+",Q115)-1)),LEFT(Q115,FIND("-",Q115)-1)),'Brown tagset'!$A:$A,0)) -> had (past tense) | T115: =INDEX('Brown-Universal mapping'!$B:$B,MATCH(Q115,'Brown-Universal mapping'!$A:$A,0)) -> VERB | U115: =IF(Q115=$D115,1,0) -> 0 | V115: =IF(T115=$G115,1,0) -> 1 | X115: had | Y115: hvd | Z115: =INDEX('Brown tagset'!$B:$B,MATCH(IF(ISERROR(FIND("-",Y115)),IF(ISERROR(FIND("+",Y115)),Y115,LEFT(Y115,FIND("+",Y115)-1)),LEFT(Y115,FIND("-",Y115)-1)),'Brown tagset'!$A:$A,0)) -> had (past tense) | AB115: =INDEX('Brown-Universal mapping'!$B:$B,MATCH(Y115,'Brown-Universal mapping'!$A:$A,0)) -> VERB | AC115: =IF(Y115=$D115,1,0) -> 0 | AD115: =IF(AB115=$G115,1,0) -> 1 | AF115: HVN | AG115: =INDEX('Brown tagset'!$B:$B,MATCH(IF(ISERROR(FIND("-",AF115)),IF(ISERROR(FIND("+",AF115)),AF115,LEFT(AF115,FIND("+",AF115)-1)),LEFT(AF115,FIND("-",AF115)-1)),'Brown tagset'!$A:$A,0)) -> had (past participle) | AH115: X | AI115: =INDEX('Brown-Universal mapping'!$B:$B,MATCH(AF115,'Brown-Universal mapping'!$A:$A,0)) -> VERB | AJ115: =IF(AF115=$D115,1,0) -> 1 | AK115: =IF(AI115=$G115,1,0) -> 1 | AM115: =M115+AC115+AJ115 -> 2 | AN115: =N115+AD115+AK115 -> 3 | AP115: =AG115&AM115 -> had (past participle)2
A116: to | D116: TO | E116: =INDEX('Brown tagset'!$B:$B,MATCH(IF(ISERROR(FIND("-",D116)),IF(ISERROR(FIND("+",D116)),D116,LEFT(D116,FIND("+",D116)-1)),LEFT(D116,FIND("-",D116)-1)),'Brown tagset'!$A:$A,0)) -> infinitive marker to | G116: =INDEX('Brown-Universal mapping'!$B:$B,MATCH(D116,'Brown-Universal mapping'!$A:$A,0)) -> PRT | I116: TO | J116: =INDEX('Brown tagset'!$B:$B,MATCH(IF(ISERROR(FIND("-",I116)),IF(ISERROR(FIND("+",I116)),I116,LEFT(I116,FIND("+",I116)-1)),LEFT(I116,FIND("-",I116)-1)),'Brown tagset'!$A:$A,0)) -> infinitive marker to | K116: PRT | L116: =INDEX('Brown-Universal mapping'!$B:$B,MATCH(I116,'Brown-Universal mapping'!$A:$A,0)) -> PRT | M116: =IF(I116=$D116,1,0) -> 1 | N116: =IF(L116=$G116,1,0) -> 1 | P116: to | Q116: to | R116: =INDEX('Brown tagset'!$B:$B,MATCH(IF(ISERROR(FIND("-",Q116)),IF(ISERROR(FIND("+",Q116)),Q116,LEFT(Q116,FIND("+",Q116)-1)),LEFT(Q116,FIND("-",Q116)-1)),'Brown tagset'!$A:$A,0)) -> infinitive marker to | T116: =INDEX('Brown-Universal mapping'!$B:$B,MATCH(Q116,'Brown-Universal mapping'!$A:$A,0)) -> PRT | U116: =IF(Q116=$D116,1,0) -> 1 | V116: =IF(T116=$G116,1,0) -> 1 | X116: to | Y116: to | Z116: =INDEX('Brown tagset'!$B:$B,MATCH(IF(ISERROR(FIND("-",Y116)),IF(ISERROR(FIND("+",Y116)),Y116,LEFT(Y116,FIND("+",Y116)-1)),LEFT(Y116,FIND("-",Y116)-1)),'Brown tagset'!$A:$A,0)) -> infinitive marker to | AB116: =INDEX('Brown-Universal mapping'!$B:$B,MATCH(Y116,'Brown-Universal mapping'!$A:$A,0)) -> PRT | AC116: =IF(Y116=$D116,1,0) -> 1 | AD116: =IF(AB116=$G116,1,0) -> 1 | AF116: TO | AG116: =INDEX('Brown tagset'!$B:$B,MATCH(IF(ISERROR(FIND("-",AF116)),IF(ISERROR(FIND("+",AF116)),AF116,LEFT(AF116,FIND("+",AF116)-1)),LEFT(AF116,FIND("-",AF116)-1)),'Brown tagset'!$A:$A,0)) -> infinitive marker to | AH116: PRT | AI116: =INDEX('Brown-Universal mapping'!$B:$B,MATCH(AF116,'Brown-Universal mapping'!$A:$A,0)) -> PRT | AJ116: =IF(AF116=$D116,1,0) -> 1 | AK116: =IF(AI116=$G116,1,0) -> 1 | AM116: =M116+AC116+AJ116 -> 3 | AN116: =N116+AD116+AK116 -> 3 | AP116: =AG116&AM116 -> infinitive marker to3
A117: train | D117: VB | E117: =INDEX('Brown tagset'!$B:$B,MATCH(IF(ISERROR(FIND("-",D117)),IF(ISERROR(FIND("+",D117)),D117,LEFT(D117,FIND("+",D117)-1)),LEFT(D117,FIND("-",D117)-1)),'Brown tagset'!$A:$A,0)) -> verb, base form | G117: =INDEX('Brown-Universal mapping'!$B:$B,MATCH(D117,'Brown-Universal mapping'!$A:$A,0)) -> VERB | I117: VB | J117: =INDEX('Brown tagset'!$B:$B,MATCH(IF(ISERROR(FIND("-",I117)),IF(ISERROR(FIND("+",I117)),I117,LEFT(I117,FIND("+",I117)-1)),LEFT(I117,FIND("-",I117)-1)),'Brown tagset'!$A:$A,0)) -> verb, base form | K117: VERB | L117: =INDEX('Brown-Universal mapping'!$B:$B,MATCH(I117,'Brown-Universal mapping'!$A:$A,0)) -> VERB | M117: =IF(I117=$D117,1,0) -> 1 | N117: =IF(L117=$G117,1,0) -> 1 | P117: train | Q117: nn | R117: =INDEX('Brown tagset'!$B:$B,MATCH(IF(ISERROR(FIND("-",Q117)),IF(ISERROR(FIND("+",Q117)),Q117,LEFT(Q117,FIND("+",Q117)-1)),LEFT(Q117,FIND("-",Q117)-1)),'Brown tagset'!$A:$A,0)) -> singular or mass noun | T117: =INDEX('Brown-Universal mapping'!$B:$B,MATCH(Q117,'Brown-Universal mapping'!$A:$A,0)) -> NOUN | U117: =IF(Q117=$D117,1,0) -> 0 | V117: =IF(T117=$G117,1,0) -> 0 | X117: train | Y117: vb | Z117: =INDEX('Brown tagset'!$B:$B,MATCH(IF(ISERROR(FIND("-",Y117)),IF(ISERROR(FIND("+",Y117)),Y117,LEFT(Y117,FIND("+",Y117)-1)),LEFT(Y117,FIND("-",Y117)-1)),'Brown tagset'!$A:$A,0)) -> verb, base form | AB117: =INDEX('Brown-Universal mapping'!$B:$B,MATCH(Y117,'Brown-Universal mapping'!$A:$A,0)) -> VERB | AC117: =IF(Y117=$D117,1,0) -> 1 | AD117: =IF(AB117=$G117,1,0) -> 1 | AF117: VB | AG117: =INDEX('Brown tagset'!$B:$B,MATCH(IF(ISERROR(FIND("-",AF117)),IF(ISERROR(FIND("+",AF117)),AF117,LEFT(AF117,FIND("+",AF117)-1)),LEFT(AF117,FIND("-",AF117)-1)),'Brown tagset'!$A:$A,0)) -> verb, base form | AH117: VERB | AI117: =INDEX('Brown-Universal mapping'!$B:$B,MATCH(AF117,'Brown-Universal mapping'!$A:$A,0)) -> VERB | AJ117: =IF(AF117=$D117,1,0) -> 1 | AK117: =IF(AI117=$G117,1,0) -> 1 | AM117: =M117+AC117+AJ117 -> 3 | AN117: =N117+AD117+AK117 -> 3 | AP117: =AG117&AM117 -> verb, base form3
A118: in | D118: IN | E118: =INDEX('Brown tagset'!$B:$B,MATCH(IF(ISERROR(FIND("-",D118)),IF(ISERROR(FIND("+",D118)),D118,LEFT(D118,FIND("+",D118)-1)),LEFT(D118,FIND("-",D118)-1)),'Brown tagset'!$A:$A,0)) -> preposition | G118: =INDEX('Brown-Universal mapping'!$B:$B,MATCH(D118,'Brown-Universal mapping'!$A:$A,0)) -> ADP | I118: IN | J118: =INDEX('Brown tagset'!$B:$B,MATCH(IF(ISERROR(FIND("-",I118)),IF(ISERROR(FIND("+",I118)),I118,LEFT(I118,FIND("+",I118)-1)),LEFT(I118,FIND("-",I118)-1)),'Brown tagset'!$A:$A,0)) -> preposition | K118: ADP | L118: =INDEX('Brown-Universal mapping'!$B:$B,MATCH(I118,'Brown-Universal mapping'!$A:$A,0)) -> ADP | M118: =IF(I118=$D118,1,0) -> 1 | N118: =IF(L118=$G118,1,0) -> 1 | P118: in | Q118: in | R118: =INDEX('Brown tagset'!$B:$B,MATCH(IF(ISERROR(FIND("-",Q118)),IF(ISERROR(FIND("+",Q118)),Q118,LEFT(Q118,FIND("+",Q118)-1)),LEFT(Q118,FIND("-",Q118)-1)),'Brown tagset'!$A:$A,0)) -> preposition | T118: =INDEX('Brown-Universal mapping'!$B:$B,MATCH(Q118,'Brown-Universal mapping'!$A:$A,0)) -> ADP | U118: =IF(Q118=$D118,1,0) -> 1 | V118: =IF(T118=$G118,1,0) -> 1 | X118: in | Y118: in | Z118: =INDEX('Brown tagset'!$B:$B,MATCH(IF(ISERROR(FIND("-",Y118)),IF(ISERROR(FIND("+",Y118)),Y118,LEFT(Y118,FIND("+",Y118)-1)),LEFT(Y118,FIND("-",Y118)-1)),'Brown tagset'!$A:$A,0)) -> preposition | AB118: =INDEX('Brown-Universal mapping'!$B:$B,MATCH(Y118,'Brown-Universal mapping'!$A:$A,0)) -> ADP | AC118: =IF(Y118=$D118,1,0) -> 1 | AD118: =IF(AB118=$G118,1,0) -> 1 | AF118: IN | AG118: =INDEX('Brown tagset'!$B:$B,MATCH(IF(ISERROR(FIND("-",AF118)),IF(ISERROR(FIND("+",AF118)),AF118,LEFT(AF118,FIND("+",AF118)-1)),LEFT(AF118,FIND("-",AF118)-1)),'Brown tagset'!$A:$A,0)) -> preposition | AH118: ADP | AI118: =INDEX('Brown-Universal mapping'!$B:$B,MATCH(AF118,'Brown-Universal mapping'!$A:$A,0)) -> ADP | AJ118: =IF(AF118=$D118,1,0) -> 1 | AK118: =IF(AI118=$G118,1,0) -> 1 | AM118: =M118+AC118+AJ118 -> 3 | AN118: =N118+AD118+AK118 -> 3 | AP118: =AG118&AM118 -> preposition3
A119: secret | D119: NN | E119: =INDEX('Brown tagset'!$B:$B,MATCH(IF(ISERROR(FIND("-",D119)),IF(ISERROR(FIND("+",D119)),D119,LEFT(D119,FIND("+",D119)-1)),LEFT(D119,FIND("-",D119)-1)),'Brown tagset'!$A:$A,0)) -> singular or mass noun | G119: =INDEX('Brown-Universal mapping'!$B:$B,MATCH(D119,'Brown-Universal mapping'!$A:$A,0)) -> NOUN | I119: NN | J119: =INDEX('Brown tagset'!$B:$B,MATCH(IF(ISERROR(FIND("-",I119)),IF(ISERROR(FIND("+",I119)),I119,LEFT(I119,FIND("+",I119)-1)),LEFT(I119,FIND("-",I119)-1)),'Brown tagset'!$A:$A,0)) -> singular or mass noun | K119: NOUN | L119: =INDEX('Brown-Universal mapping'!$B:$B,MATCH(I119,'Brown-Universal mapping'!$A:$A,0)) -> NOUN | M119: =IF(I119=$D119,1,0) -> 1 | N119: =IF(L119=$G119,1,0) -> 1 | P119: secret | Q119: jj | R119: =INDEX('Brown tagset'!$B:$B,MATCH(IF(ISERROR(FIND("-",Q119)),IF(ISERROR(FIND("+",Q119)),Q119,LEFT(Q119,FIND("+",Q119)-1)),LEFT(Q119,FIND("-",Q119)-1)),'Brown tagset'!$A:$A,0)) -> adjective | T119: =INDEX('Brown-Universal mapping'!$B:$B,MATCH(Q119,'Brown-Universal mapping'!$A:$A,0)) -> ADJ | U119: =IF(Q119=$D119,1,0) -> 0 | V119: =IF(T119=$G119,1,0) -> 0 | X119: secret | Y119: nn | Z119: =INDEX('Brown tagset'!$B:$B,MATCH(IF(ISERROR(FIND("-",Y119)),IF(ISERROR(FIND("+",Y119)),Y119,LEFT(Y119,FIND("+",Y119)-1)),LEFT(Y119,FIND("-",Y119)-1)),'Brown tagset'!$A:$A,0)) -> singular or mass noun | AB119: =INDEX('Brown-Universal mapping'!$B:$B,MATCH(Y119,'Brown-Universal mapping'!$A:$A,0)) -> NOUN | AC119: =IF(Y119=$D119,1,0) -> 1 | AD119: =IF(AB119=$G119,1,0) -> 1 | AF119: NN | AG119: =INDEX('Brown tagset'!$B:$B,MATCH(IF(ISERROR(FIND("-",AF119)),IF(ISERROR(FIND("+",AF119)),AF119,LEFT(AF119,FIND("+",AF119)-1)),LEFT(AF119,FIND("-",AF119)-1)),'Brown tagset'!$A:$A,0)) -> singular or mass noun | AH119: NOUN | AI119: =INDEX('Brown-Universal mapping'!$B:$B,MATCH(AF119,'Brown-Universal mapping'!$A:$A,0)) -> NOUN | AJ119: =IF(AF119=$D119,1,0) -> 1 | AK119: =IF(AI119=$G119,1,0) -> 1 | AM119: =M119+AC119+AJ119 -> 3 | AN119: =N119+AD119+AK119 -> 3 | AP119: =AG119&AM119 -> singular or mass noun3
A120: has | D120: HVZ | E120: =INDEX('Brown tagset'!$B:$B,MATCH(IF(ISERROR(FIND("-",D120)),IF(ISERROR(FIND("+",D120)),D120,LEFT(D120,FIND("+",D120)-1)),LEFT(D120,FIND("-",D120)-1)),'Brown tagset'!$A:$A,0)) -> has | G120: =INDEX('Brown-Universal mapping'!$B:$B,MATCH(D120,'Brown-Universal mapping'!$A:$A,0)) -> VERB | I120: HVZ | J120: =INDEX('Brown tagset'!$B:$B,MATCH(IF(ISERROR(FIND("-",I120)),IF(ISERROR(FIND("+",I120)),I120,LEFT(I120,FIND("+",I120)-1)),LEFT(I120,FIND("-",I120)-1)),'Brown tagset'!$A:$A,0)) -> has | K120: X | L120: =INDEX('Brown-Universal mapping'!$B:$B,MATCH(I120,'Brown-Universal mapping'!$A:$A,0)) -> VERB | M120: =IF(I120=$D120,1,0) -> 1 | N120: =IF(L120=$G120,1,0) -> 1 | P120: has | Q120: hvz | R120: =INDEX('Brown tagset'!$B:$B,MATCH(IF(ISERROR(FIND("-",Q120)),IF(ISERROR(FIND("+",Q120)),Q120,LEFT(Q120,FIND("+",Q120)-1)),LEFT(Q120,FIND("-",Q120)-1)),'Brown tagset'!$A:$A,0)) -> has | T120: =INDEX('Brown-Universal mapping'!$B:$B,MATCH(Q120,'Brown-Universal mapping'!$A:$A,0)) -> VERB | U120: =IF(Q120=$D120,1,0) -> 1 | V120: =IF(T120=$G120,1,0) -> 1 | X120: has | Y120: hvz | Z120: =INDEX('Brown tagset'!$B:$B,MATCH(IF(ISERROR(FIND("-",Y120)),IF(ISERROR(FIND("+",Y120)),Y120,LEFT(Y120,FIND("+",Y120)-1)),LEFT(Y120,FIND("-",Y120)-1)),'Brown tagset'!$A:$A,0)) -> has | AB120: =INDEX('Brown-Universal mapping'!$B:$B,MATCH(Y120,'Brown-Universal mapping'!$A:$A,0)) -> VERB | AC120: =IF(Y120=$D120,1,0) -> 1 | AD120: =IF(AB120=$G120,1,0) -> 1 | AF120: HVZ | AG120: =INDEX('Brown tagset'!$B:$B,MATCH(IF(ISERROR(FIND("-",AF120)),IF(ISERROR(FIND("+",AF120)),AF120,LEFT(AF120,FIND("+",AF120)-1)),LEFT(AF120,FIND("-",AF120)-1)),'Brown tagset'!$A:$A,0)) -> has | AH120: X | AI120: =INDEX('Brown-Universal mapping'!$B:$B,MATCH(AF120,'Brown-Universal mapping'!$A:$A,0)) -> VERB | AJ120: =IF(AF120=$D120,1,0) -> 1 | AK120: =IF(AI120=$G120,1,0) -> 1 | AM120: =M120+AC120+AJ120 -> 3 | AN120: =N120+AD120+AK120 -> 3 | AP120: =AG120&AM120 -> has3
A121: never | C121: 1 | D121: RB | E121: =INDEX('Brown tagset'!$B:$B,MATCH(IF(ISERROR(FIND("-",D121)),IF(ISERROR(FIND("+",D121)),D121,LEFT(D121,FIND("+",D121)-1)),LEFT(D121,FIND("-",D121)-1)),'Brown tagset'!$A:$A,0)) -> adverb | G121: =INDEX('Brown-Universal mapping'!$B:$B,MATCH(D121,'Brown-Universal mapping'!$A:$A,0)) -> ADV | I121: RB | J121: =INDEX('Brown tagset'!$B:$B,MATCH(IF(ISERROR(FIND("-",I121)),IF(ISERROR(FIND("+",I121)),I121,LEFT(I121,FIND("+",I121)-1)),LEFT(I121,FIND("-",I121)-1)),'Brown tagset'!$A:$A,0)) -> adverb | K121: ADV | L121: =INDEX('Brown-Universal mapping'!$B:$B,MATCH(I121,'Brown-Universal mapping'!$A:$A,0)) -> ADV | M121: =IF(I121=$D121,1,0) -> 1 | N121: =IF(L121=$G121,1,0) -> 1 | P121: never | Q121: rb | R121: =INDEX('Brown tagset'!$B:$B,MATCH(IF(ISERROR(FIND("-",Q121)),IF(ISERROR(FIND("+",Q121)),Q121,LEFT(Q121,FIND("+",Q121)-1)),LEFT(Q121,FIND("-",Q121)-1)),'Brown tagset'!$A:$A,0)) -> adverb | T121: =INDEX('Brown-Universal mapping'!$B:$B,MATCH(Q121,'Brown-Universal mapping'!$A:$A,0)) -> ADV | U121: =IF(Q121=$D121,1,0) -> 1 | V121: =IF(T121=$G121,1,0) -> 1 | X121: never | Y121: rb | Z121: =INDEX('Brown tagset'!$B:$B,MATCH(IF(ISERROR(FIND("-",Y121)),IF(ISERROR(FIND("+",Y121)),Y121,LEFT(Y121,FIND("+",Y121)-1)),LEFT(Y121,FIND("-",Y121)-1)),'Brown tagset'!$A:$A,0)) -> adverb | AB121: =INDEX('Brown-Universal mapping'!$B:$B,MATCH(Y121,'Brown-Universal mapping'!$A:$A,0)) -> ADV | AC121: =IF(Y121=$D121,1,0) -> 1 | AD121: =IF(AB121=$G121,1,0) -> 1 | AF121: RB | AG121: =INDEX('Brown tagset'!$B:$B,MATCH(IF(ISERROR(FIND("-",AF121)),IF(ISERROR(FIND("+",AF121)),AF121,LEFT(AF121,FIND("+",AF121)-1)),LEFT(AF121,FIND("-",AF121)-1)),'Brown tagset'!$A:$A,0)) -> adverb | AH121: ADV | AI121: =INDEX('Brown-Universal mapping'!$B:$B,MATCH(AF121,'Brown-Universal mapping'!$A:$A,0)) -> ADV | AJ121: =IF(AF121=$D121,1,0) -> 1 | AK121: =IF(AI121=$G121,1,0) -> 1 | AM121: =M121+AC121+AJ121 -> 3 | AN121: =N121+AD121+AK121 -> 3 | AP121: =AG121&AM121 -> adverb3
A122: heard | D122: VBN | E122: =INDEX('Brown tagset'!$B:$B,MATCH(IF(ISERROR(FIND("-",D122)),IF(ISERROR(FIND("+",D122)),D122,LEFT(D122,FIND("+",D122)-1)),LEFT(D122,FIND("-",D122)-1)),'Brown tagset'!$A:$A,0)) -> verb, past participle | G122: =INDEX('Brown-Universal mapping'!$B:$B,MATCH(D122,'Brown-Universal mapping'!$A:$A,0)) -> VERB | I122: VBN | J122: =INDEX('Brown tagset'!$B:$B,MATCH(IF(ISERROR(FIND("-",I122)),IF(ISERROR(FIND("+",I122)),I122,LEFT(I122,FIND("+",I122)-1)),LEFT(I122,FIND("-",I122)-1)),'Brown tagset'!$A:$A,0)) -> verb, past participle | K122: VERB | L122: =INDEX('Brown-Universal mapping'!$B:$B,MATCH(I122,'Brown-Universal mapping'!$A:$A,0)) -> VERB | M122: =IF(I122=$D122,1,0) -> 1 | N122: =IF(L122=$G122,1,0) -> 1 | P122: heard | Q122: vbd | R122: =INDEX('Brown tagset'!$B:$B,MATCH(IF(ISERROR(FIND("-",Q122)),IF(ISERROR(FIND("+",Q122)),Q122,LEFT(Q122,FIND("+",Q122)-1)),LEFT(Q122,FIND("-",Q122)-1)),'Brown tagset'!$A:$A,0)) -> verb, past tense | T122: =INDEX('Brown-Universal mapping'!$B:$B,MATCH(Q122,'Brown-Universal mapping'!$A:$A,0)) -> VERB | U122: =IF(Q122=$D122,1,0) -> 0 | V122: =IF(T122=$G122,1,0) -> 1 | X122: heard | Y122: vbn | Z122: =INDEX('Brown tagset'!$B:$B,MATCH(IF(ISERROR(FIND("-",Y122)),IF(ISERROR(FIND("+",Y122)),Y122,LEFT(Y122,FIND("+",Y122)-1)),LEFT(Y122,FIND("-",Y122)-1)),'Brown tagset'!$A:$A,0)) -> verb, past participle | AB122: =INDEX('Brown-Universal mapping'!$B:$B,MATCH(Y122,'Brown-Universal mapping'!$A:$A,0)) -> VERB | AC122: =IF(Y122=$D122,1,0) -> 1 | AD122: =IF(AB122=$G122,1,0) -> 1 | AF122: VBN | AG122: =INDEX('Brown tagset'!$B:$B,MATCH(IF(ISERROR(FIND("-",AF122)),IF(ISERROR(FIND("+",AF122)),AF122,LEFT(AF122,FIND("+",AF122)-1)),LEFT(AF122,FIND("-",AF122)-1)),'Brown tagset'!$A:$A,0)) -> verb, past participle | AH122: VERB | AI122: =INDEX('Brown-Universal mapping'!$B:$B,MATCH(AF122,'Brown-Universal mapping'!$A:$A,0)) -> VERB | AJ122: =IF(AF122=$D122,1,0) -> 1 | AK122: =IF(AI122=$G122,1,0) -> 1 | AM122: =M122+AC122+AJ122 -> 3 | AN122: =N122+AD122+AK122 -> 3 | AP122: =AG122&AM122 -> verb, past participle3
A123: one | D123: CD | E123: =INDEX('Brown tagset'!$B:$B,MATCH(IF(ISERROR(FIND("-",D123)),IF(ISERROR(FIND("+",D123)),D123,LEFT(D123,FIND("+",D123)-1)),LEFT(D123,FIND("-",D123)-1)),'Brown tagset'!$A:$A,0)) -> cardinal numeral (one, two, 2, etc.) | G123: =INDEX('Brown-Universal mapping'!$B:$B,MATCH(D123,'Brown-Universal mapping'!$A:$A,0)) -> NUM | I123: CD | J123: =INDEX('Brown tagset'!$B:$B,MATCH(IF(ISERROR(FIND("-",I123)),IF(ISERROR(FIND("+",I123)),I123,LEFT(I123,FIND("+",I123)-1)),LEFT(I123,FIND("-",I123)-1)),'Brown tagset'!$A:$A,0)) -> cardinal numeral (one, two, 2, etc.) | K123: NUM | L123: =INDEX('Brown-Universal mapping'!$B:$B,MATCH(I123,'Brown-Universal mapping'!$A:$A,0)) -> NUM | M123: =IF(I123=$D123,1,0) -> 1 | N123: =IF(L123=$G123,1,0) -> 1 | P123: one | Q123: cd | R123: =INDEX('Brown tagset'!$B:$B,MATCH(IF(ISERROR(FIND("-",Q123)),IF(ISERROR(FIND("+",Q123)),Q123,LEFT(Q123,FIND("+",Q123)-1)),LEFT(Q123,FIND("-",Q123)-1)),'Brown tagset'!$A:$A,0)) -> cardinal numeral (one, two, 2, etc.) | T123: =INDEX('Brown-Universal mapping'!$B:$B,MATCH(Q123,'Brown-Universal mapping'!$A:$A,0)) -> NUM | U123: =IF(Q123=$D123,1,0) -> 1 | V123: =IF(T123=$G123,1,0) -> 1 | X123: one | Y123: cd | Z123: =INDEX('Brown tagset'!$B:$B,MATCH(IF(ISERROR(FIND("-",Y123)),IF(ISERROR(FIND("+",Y123)),Y123,LEFT(Y123,FIND("+",Y123)-1)),LEFT(Y123,FIND("-",Y123)-1)),'Brown tagset'!$A:$A,0)) -> cardinal numeral (one, two, 2, etc.) | AB123: =INDEX('Brown-Universal mapping'!$B:$B,MATCH(Y123,'Brown-Universal mapping'!$A:$A,0)) -> NUM | AC123: =IF(Y123=$D123,1,0) -> 1 | AD123: =IF(AB123=$G123,1,0) -> 1 | AF123: CD | AG123: =INDEX('Brown tagset'!$B:$B,MATCH(IF(ISERROR(FIND("-",AF123)),IF(ISERROR(FIND("+",AF123)),AF123,LEFT(AF123,FIND("+",AF123)-1)),LEFT(AF123,FIND("-",AF123)-1)),'Brown tagset'!$A:$A,0)) -> cardinal numeral (one, two, 2, etc.) | AH123: NUM | AI123: =INDEX('Brown-Universal mapping'!$B:$B,MATCH(AF123,'Brown-Universal mapping'!$A:$A,0)) -> NUM | AJ123: =IF(AF123=$D123,1,0) -> 1 | AK123: =IF(AI123=$G123,1,0) -> 1 | AM123: =M123+AC123+AJ123 -> 3 | AN123: =N123+AD123+AK123 -> 3 | AP123: =AG123&AM123 -> cardinal numeral (one, two, 2, etc.)3
A124: unkind | D124: JJ | E124: =INDEX('Brown tagset'!$B:$B,MATCH(IF(ISERROR(FIND("-",D124)),IF(ISERROR(FIND("+",D124)),D124,LEFT(D124,FIND("+",D124)-1)),LEFT(D124,FIND("-",D124)-1)),'Brown tagset'!$A:$A,0)) -> adjective | G124: =INDEX('Brown-Universal mapping'!$B:$B,MATCH(D124,'Brown-Universal mapping'!$A:$A,0)) -> ADJ | I124: JJ | J124: =INDEX('Brown tagset'!$B:$B,MATCH(IF(ISERROR(FIND("-",I124)),IF(ISERROR(FIND("+",I124)),I124,LEFT(I124,FIND("+",I124)-1)),LEFT(I124,FIND("-",I124)-1)),'Brown tagset'!$A:$A,0)) -> adjective | K124: ADJ | L124: =INDEX('Brown-Universal mapping'!$B:$B,MATCH(I124,'Brown-Universal mapping'!$A:$A,0)) -> ADJ | M124: =IF(I124=$D124,1,0) -> 1 | N124: =IF(L124=$G124,1,0) -> 1 | P124: unkind | Q124: jj | R124: =INDEX('Brown tagset'!$B:$B,MATCH(IF(ISERROR(FIND("-",Q124)),IF(ISERROR(FIND("+",Q124)),Q124,LEFT(Q124,FIND("+",Q124)-1)),LEFT(Q124,FIND("-",Q124)-1)),'Brown tagset'!$A:$A,0)) -> adjective | T124: =INDEX('Brown-Universal mapping'!$B:$B,MATCH(Q124,'Brown-Universal mapping'!$A:$A,0)) -> ADJ | U124: =IF(Q124=$D124,1,0) -> 1 | V124: =IF(T124=$G124,1,0) -> 1 | X124: unkind | Y124: jj | Z124: =INDEX('Brown tagset'!$B:$B,MATCH(IF(ISERROR(FIND("-",Y124)),IF(ISERROR(FIND("+",Y124)),Y124,LEFT(Y124,FIND("+",Y124)-1)),LEFT(Y124,FIND("-",Y124)-1)),'Brown tagset'!$A:$A,0)) -> adjective | AB124: =INDEX('Brown-Universal mapping'!$B:$B,MATCH(Y124,'Brown-Universal mapping'!$A:$A,0)) -> ADJ | AC124: =IF(Y124=$D124,1,0) -> 1 | AD124: =IF(AB124=$G124,1,0) -> 1 | AF124: Unk | AG124: =INDEX('Brown tagset'!$B:$B,MATCH(IF(ISERROR(FIND("-",AF124)),IF(ISERROR(FIND("+",AF124)),AF124,LEFT(AF124,FIND("+",AF124)-1)),LEFT(AF124,FIND("-",AF124)-1)),'Brown tagset'!$A:$A,0)) -> unknown | AH124: X | AI124: =INDEX('Brown-Universal mapping'!$B:$B,MATCH(AF124,'Brown-Universal mapping'!$A:$A,0)) -> Unknown | AJ124: =IF(AF124=$D124,1,0) -> 0 | AK124: =IF(AI124=$G124,1,0) -> 0 | AM124: =M124+AC124+AJ124 -> 2 | AN124: =N124+AD124+AK124 -> 2 | AP124: =AG124&AM124 -> unknown2
A125: word | D125: NN | E125: =INDEX('Brown tagset'!$B:$B,MATCH(IF(ISERROR(FIND("-",D125)),IF(ISERROR(FIND("+",D125)),D125,LEFT(D125,FIND("+",D125)-1)),LEFT(D125,FIND("-",D125)-1)),'Brown tagset'!$A:$A,0)) -> singular or mass noun | G125: =INDEX('Brown-Universal mapping'!$B:$B,MATCH(D125,'Brown-Universal mapping'!$A:$A,0)) -> NOUN | I125: NN | J125: =INDEX('Brown tagset'!$B:$B,MATCH(IF(ISERROR(FIND("-",I125)),IF(ISERROR(FIND("+",I125)),I125,LEFT(I125,FIND("+",I125)-1)),LEFT(I125,FIND("-",I125)-1)),'Brown tagset'!$A:$A,0)) -> singular or mass noun | K125: NOUN | L125: =INDEX('Brown-Universal mapping'!$B:$B,MATCH(I125,'Brown-Universal mapping'!$A:$A,0)) -> NOUN | M125: =IF(I125=$D125,1,0) -> 1 | N125: =IF(L125=$G125,1,0) -> 1 | P125: word | Q125: nn | R125: =INDEX('Brown tagset'!$B:$B,MATCH(IF(ISERROR(FIND("-",Q125)),IF(ISERROR(FIND("+",Q125)),Q125,LEFT(Q125,FIND("+",Q125)-1)),LEFT(Q125,FIND("-",Q125)-1)),'Brown tagset'!$A:$A,0)) -> singular or mass noun | T125: =INDEX('Brown-Universal mapping'!$B:$B,MATCH(Q125,'Brown-Universal mapping'!$A:$A,0)) -> NOUN | U125: =IF(Q125=$D125,1,0) -> 1 | V125: =IF(T125=$G125,1,0) -> 1 | X125: word | Y125: nn | Z125: =INDEX('Brown tagset'!$B:$B,MATCH(IF(ISERROR(FIND("-",Y125)),IF(ISERROR(FIND("+",Y125)),Y125,LEFT(Y125,FIND("+",Y125)-1)),LEFT(Y125,FIND("-",Y125)-1)),'Brown tagset'!$A:$A,0)) -> singular or mass noun | AB125: =INDEX('Brown-Universal mapping'!$B:$B,MATCH(Y125,'Brown-Universal mapping'!$A:$A,0)) -> NOUN | AC125: =IF(Y125=$D125,1,0) -> 1 | AD125: =IF(AB125=$G125,1,0) -> 1 | AF125: NN | AG125: =INDEX('Brown tagset'!$B:$B,MATCH(IF(ISERROR(FIND("-",AF125)),IF(ISERROR(FIND("+",AF125)),AF125,LEFT(AF125,FIND("+",AF125)-1)),LEFT(AF125,FIND("-",AF125)-1)),'Brown tagset'!$A:$A,0)) -> singular or mass noun | AH125: NOUN | AI125: =INDEX('Brown-Universal mapping'!$B:$B,MATCH(AF125,'Brown-Universal mapping'!$A:$A,0)) -> NOUN | AJ125: =IF(AF125=$D125,1,0) -> 1 | AK125: =IF(AI125=$G125,1,0) -> 1 | AM125: =M125+AC125+AJ125 -> 3 | AN125: =N125+AD125+AK125 -> 3 | AP125: =AG125&AM125 -> singular or mass noun3
A126: from | D126: IN | E126: =INDEX('Brown tagset'!$B:$B,MATCH(IF(ISERROR(FIND("-",D126)),IF(ISERROR(FIND("+",D126)),D126,LEFT(D126,FIND("+",D126)-1)),LEFT(D126,FIND("-",D126)-1)),'Brown tagset'!$A:$A,0)) -> preposition | G126: =INDEX('Brown-Universal mapping'!$B:$B,MATCH(D126,'Brown-Universal mapping'!$A:$A,0)) -> ADP | I126: IN | J126: =INDEX('Brown tagset'!$B:$B,MATCH(IF(ISERROR(FIND("-",I126)),IF(ISERROR(FIND("+",I126)),I126,LEFT(I126,FIND("+",I126)-1)),LEFT(I126,FIND("-",I126)-1)),'Brown tagset'!$A:$A,0)) -> preposition | K126: ADP | L126: =INDEX('Brown-Universal mapping'!$B:$B,MATCH(I126,'Brown-Universal mapping'!$A:$A,0)) -> ADP | M126: =IF(I126=$D126,1,0) -> 1 | N126: =IF(L126=$G126,1,0) -> 1 | P126: from | Q126: in | R126: =INDEX('Brown tagset'!$B:$B,MATCH(IF(ISERROR(FIND("-",Q126)),IF(ISERROR(FIND("+",Q126)),Q126,LEFT(Q126,FIND("+",Q126)-1)),LEFT(Q126,FIND("-",Q126)-1)),'Brown tagset'!$A:$A,0)) -> preposition | T126: =INDEX('Brown-Universal mapping'!$B:$B,MATCH(Q126,'Brown-Universal mapping'!$A:$A,0)) -> ADP | U126: =IF(Q126=$D126,1,0) -> 1 | V126: =IF(T126=$G126,1,0) -> 1 | X126: from | Y126: in | Z126: =INDEX('Brown tagset'!$B:$B,MATCH(IF(ISERROR(FIND("-",Y126)),IF(ISERROR(FIND("+",Y126)),Y126,LEFT(Y126,FIND("+",Y126)-1)),LEFT(Y126,FIND("-",Y126)-1)),'Brown tagset'!$A:$A,0)) -> preposition | AB126: =INDEX('Brown-Universal mapping'!$B:$B,MATCH(Y126,'Brown-Universal mapping'!$A:$A,0)) -> ADP | AC126: =IF(Y126=$D126,1,0) -> 1 | AD126: =IF(AB126=$G126,1,0) -> 1 | AF126: IN | AG126: =INDEX('Brown tagset'!$B:$B,MATCH(IF(ISERROR(FIND("-",AF126)),IF(ISERROR(FIND("+",AF126)),AF126,LEFT(AF126,FIND("+",AF126)-1)),LEFT(AF126,FIND("-",AF126)-1)),'Brown tagset'!$A:$A,0)) -> preposition | AH126: ADP | AI126: =INDEX('Brown-Universal mapping'!$B:$B,MATCH(AF126,'Brown-Universal mapping'!$A:$A,0)) -> ADP | AJ126: =IF(AF126=$D126,1,0) -> 1 | AK126: =IF(AI126=$G126,1,0) -> 1 | AM126: =M126+AC126+AJ126 -> 3 | AN126: =N126+AD126+AK126 -> 3 | AP126: =AG126&AM126 -> preposition3
A127: his | D127: PP$ | E127: =INDEX('Brown tagset'!$B:$B,MATCH(IF(ISERROR(FIND("-",D127)),IF(ISERROR(FIND("+",D127)),D127,LEFT(D127,FIND("+",D127)-1)),LEFT(D127,FIND("-",D127)-1)),'Brown tagset'!$A:$A,0)) -> possessive personal pronoun (my, our) | G127: =INDEX('Brown-Universal mapping'!$B:$B,MATCH(D127,'Brown-Universal mapping'!$A:$A,0)) -> DET | I127: PP$ | J127: =INDEX('Brown tagset'!$B:$B,MATCH(IF(ISERROR(FIND("-",I127)),IF(ISERROR(FIND("+",I127)),I127,LEFT(I127,FIND("+",I127)-1)),LEFT(I127,FIND("-",I127)-1)),'Brown tagset'!$A:$A,0)) -> possessive personal pronoun (my, our) | K127: X | L127: =INDEX('Brown-Universal mapping'!$B:$B,MATCH(I127,'Brown-Universal mapping'!$A:$A,0)) -> DET | M127: =IF(I127=$D127,1,0) -> 1 | N127: =IF(L127=$G127,1,0) -> 1 | P127: his | Q127: pp$ | R127: =INDEX('Brown tagset'!$B:$B,MATCH(IF(ISERROR(FIND("-",Q127)),IF(ISERROR(FIND("+",Q127)),Q127,LEFT(Q127,FIND("+",Q127)-1)),LEFT(Q127,FIND("-",Q127)-1)),'Brown tagset'!$A:$A,0)) -> possessive personal pronoun (my, our) | T127: =INDEX('Brown-Universal mapping'!$B:$B,MATCH(Q127,'Brown-Universal mapping'!$A:$A,0)) -> DET | U127: =IF(Q127=$D127,1,0) -> 1 | V127: =IF(T127=$G127,1,0) -> 1 | X127: his | Y127: pp$ | Z127: =INDEX('Brown tagset'!$B:$B,MATCH(IF(ISERROR(FIND("-",Y127)),IF(ISERROR(FIND("+",Y127)),Y127,LEFT(Y127,FIND("+",Y127)-1)),LEFT(Y127,FIND("-",Y127)-1)),'Brown tagset'!$A:$A,0)) -> possessive personal pronoun (my, our) | AB127: =INDEX('Brown-Universal mapping'!$B:$B,MATCH(Y127,'Brown-Universal mapping'!$A:$A,0)) -> DET | AC127: =IF(Y127=$D127,1,0) -> 1 | AD127: =IF(AB127=$G127,1,0) -> 1 | AF127: PP$ | AG127: =INDEX('Brown tagset'!$B:$B,MATCH(IF(ISERROR(FIND("-",AF127)),IF(ISERROR(FIND("+",AF127)),AF127,LEFT(AF127,FIND("+",AF127)-1)),LEFT(AF127,FIND("-",AF127)-1)),'Brown tagset'!$A:$A,0)) -> possessive personal pronoun (my, our) | AH127: X | AI127: =INDEX('Brown-Universal mapping'!$B:$B,MATCH(AF127,'Brown-Universal mapping'!$A:$A,0)) -> DET | AJ127: =IF(AF127=$D127,1,0) -> 1 | AK127: =IF(AI127=$G127,1,0) -> 1 | AM127: =M127+AC127+AJ127 -> 3 | AN127: =N127+AD127+AK127 -> 3 | AP127: =AG127&AM127 -> possessive personal pronoun (my, our)3
A128: parents | D128: NNS | E128: =INDEX('Brown tagset'!$B:$B,MATCH(IF(ISERROR(FIND("-",D128)),IF(ISERROR(FIND("+",D128)),D128,LEFT(D128,FIND("+",D128)-1)),LEFT(D128,FIND("-",D128)-1)),'Brown tagset'!$A:$A,0)) -> plural noun | G128: =INDEX('Brown-Universal mapping'!$B:$B,MATCH(D128,'Brown-Universal mapping'!$A:$A,0)) -> NOUN | I128: NNS | J128: =INDEX('Brown tagset'!$B:$B,MATCH(IF(ISERROR(FIND("-",I128)),IF(ISERROR(FIND("+",I128)),I128,LEFT(I128,FIND("+",I128)-1)),LEFT(I128,FIND("-",I128)-1)),'Brown tagset'!$A:$A,0)) -> plural noun | K128: NOUN | L128: =INDEX('Brown-Universal mapping'!$B:$B,MATCH(I128,'Brown-Universal mapping'!$A:$A,0)) -> NOUN | M128: =IF(I128=$D128,1,0) -> 1 | N128: =IF(L128=$G128,1,0) -> 1 | P128: parents | Q128: nns | R128: =INDEX('Brown tagset'!$B:$B,MATCH(IF(ISERROR(FIND("-",Q128)),IF(ISERROR(FIND("+",Q128)),Q128,LEFT(Q128,FIND("+",Q128)-1)),LEFT(Q128,FIND("-",Q128)-1)),'Brown tagset'!$A:$A,0)) -> plural noun | T128: =INDEX('Brown-Universal mapping'!$B:$B,MATCH(Q128,'Brown-Universal mapping'!$A:$A,0)) -> NOUN | U128: =IF(Q128=$D128,1,0) -> 1 | V128: =IF(T128=$G128,1,0) -> 1 | X128: parents | Y128: nns | Z128: =INDEX('Brown tagset'!$B:$B,MATCH(IF(ISERROR(FIND("-",Y128)),IF(ISERROR(FIND("+",Y128)),Y128,LEFT(Y128,FIND("+",Y128)-1)),LEFT(Y128,FIND("-",Y128)-1)),'Brown tagset'!$A:$A,0)) -> plural noun | AB128: =INDEX('Brown-Universal mapping'!$B:$B,MATCH(Y128,'Brown-Universal mapping'!$A:$A,0)) -> NOUN | AC128: =IF(Y128=$D128,1,0) -> 1 | AD128: =IF(AB128=$G128,1,0) -> 1 | AF128: NNS | AG128: =INDEX('Brown tagset'!$B:$B,MATCH(IF(ISERROR(FIND("-",AF128)),IF(ISERROR(FIND("+",AF128)),AF128,LEFT(AF128,FIND("+",AF128)-1)),LEFT(AF128,FIND("-",AF128)-1)),'Brown tagset'!$A:$A,0)) -> plural noun | AH128: NOUN | AI128: =INDEX('Brown-Universal mapping'!$B:$B,MATCH(AF128,'Brown-Universal mapping'!$A:$A,0)) -> NOUN | AJ128: =IF(AF128=$D128,1,0) -> 1 | AK128: =IF(AI128=$G128,1,0) -> 1 | AM128: =M128+AC128+AJ128 -> 3 | AN128: =N128+AD128+AK128 -> 3 | AP128: =AG128&AM128 -> plural noun3
A129: and | D129: CC | E129: =INDEX('Brown tagset'!$B:$B,MATCH(IF(ISERROR(FIND("-",D129)),IF(ISERROR(FIND("+",D129)),D129,LEFT(D129,FIND("+",D129)-1)),LEFT(D129,FIND("-",D129)-1)),'Brown tagset'!$A:$A,0)) -> coordinating conjunction (and, or) | G129: =INDEX('Brown-Universal mapping'!$B:$B,MATCH(D129,'Brown-Universal mapping'!$A:$A,0)) -> CONJ | I129: CC | J129: =INDEX('Brown tagset'!$B:$B,MATCH(IF(ISERROR(FIND("-",I129)),IF(ISERROR(FIND("+",I129)),I129,LEFT(I129,FIND("+",I129)-1)),LEFT(I129,FIND("-",I129)-1)),'Brown tagset'!$A:$A,0)) -> coordinating conjunction (and, or) | K129: CONJ | L129: =INDEX('Brown-Universal mapping'!$B:$B,MATCH(I129,'Brown-Universal mapping'!$A:$A,0)) -> CONJ | M129: =IF(I129=$D129,1,0) -> 1 | N129: =IF(L129=$G129,1,0) -> 1 | P129: and | Q129: cc | R129: =INDEX('Brown tagset'!$B:$B,MATCH(IF(ISERROR(FIND("-",Q129)),IF(ISERROR(FIND("+",Q129)),Q129,LEFT(Q129,FIND("+",Q129)-1)),LEFT(Q129,FIND("-",Q129)-1)),'Brown tagset'!$A:$A,0)) -> coordinating conjunction (and, or) | T129: =INDEX('Brown-Universal mapping'!$B:$B,MATCH(Q129,'Brown-Universal mapping'!$A:$A,0)) -> CONJ | U129: =IF(Q129=$D129,1,0) -> 1 | V129: =IF(T129=$G129,1,0) -> 1 | X129: and | Y129: cc | Z129: =INDEX('Brown tagset'!$B:$B,MATCH(IF(ISERROR(FIND("-",Y129)),IF(ISERROR(FIND("+",Y129)),Y129,LEFT(Y129,FIND("+",Y129)-1)),LEFT(Y129,FIND("-",Y129)-1)),'Brown tagset'!$A:$A,0)) -> coordinating conjunction (and, or) | AB129: =INDEX('Brown-Universal mapping'!$B:$B,MATCH(Y129,'Brown-Universal mapping'!$A:$A,0)) -> CONJ | AC129: =IF(Y129=$D129,1,0) -> 1 | AD129: =IF(AB129=$G129,1,0) -> 1 | AF129: CC | AG129: =INDEX('Brown tagset'!$B:$B,MATCH(IF(ISERROR(FIND("-",AF129)),IF(ISERROR(FIND("+",AF129)),AF129,LEFT(AF129,FIND("+",AF129)-1)),LEFT(AF129,FIND("-",AF129)-1)),'Brown tagset'!$A:$A,0)) -> coordinating conjunction (and, or) | AH129: CONJ | AI129: =INDEX('Brown-Universal mapping'!$B:$B,MATCH(AF129,'Brown-Universal mapping'!$A:$A,0)) -> CONJ | AJ129: =IF(AF129=$D129,1,0) -> 1 | AK129: =IF(AI129=$G129,1,0) -> 1 | AM129: =M129+AC129+AJ129 -> 3 | AN129: =N129+AD129+AK129 -> 3 | AP129: =AG129&AM129 -> coordinating conjunction (and, or)3
A130: never | C130: 1 | D130: RB | E130: =INDEX('Brown tagset'!$B:$B,MATCH(IF(ISERROR(FIND("-",D130)),IF(ISERROR(FIND("+",D130)),D130,LEFT(D130,FIND("+",D130)-1)),LEFT(D130,FIND("-",D130)-1)),'Brown tagset'!$A:$A,0)) -> adverb | G130: =INDEX('Brown-Universal mapping'!$B:$B,MATCH(D130,'Brown-Universal mapping'!$A:$A,0)) -> ADV | I130: RB | J130: =INDEX('Brown tagset'!$B:$B,MATCH(IF(ISERROR(FIND("-",I130)),IF(ISERROR(FIND("+",I130)),I130,LEFT(I130,FIND("+",I130)-1)),LEFT(I130,FIND("-",I130)-1)),'Brown tagset'!$A:$A,0)) -> adverb | K130: ADV | L130: =INDEX('Brown-Universal mapping'!$B:$B,MATCH(I130,'Brown-Universal mapping'!$A:$A,0)) -> ADV | M130: =IF(I130=$D130,1,0) -> 1 | N130: =IF(L130=$G130,1,0) -> 1 | P130: never | Q130: rb | R130: =INDEX('Brown tagset'!$B:$B,MATCH(IF(ISERROR(FIND("-",Q130)),IF(ISERROR(FIND("+",Q130)),Q130,LEFT(Q130,FIND("+",Q130)-1)),LEFT(Q130,FIND("-",Q130)-1)),'Brown tagset'!$A:$A,0)) -> adverb | T130: =INDEX('Brown-Universal mapping'!$B:$B,MATCH(Q130,'Brown-Universal mapping'!$A:$A,0)) -> ADV | U130: =IF(Q130=$D130,1,0) -> 1 | V130: =IF(T130=$G130,1,0) -> 1 | X130: never | Y130: rb | Z130: =INDEX('Brown tagset'!$B:$B,MATCH(IF(ISERROR(FIND("-",Y130)),IF(ISERROR(FIND("+",Y130)),Y130,LEFT(Y130,FIND("+",Y130)-1)),LEFT(Y130,FIND("-",Y130)-1)),'Brown tagset'!$A:$A,0)) -> adverb | AB130: =INDEX('Brown-Universal mapping'!$B:$B,MATCH(Y130,'Brown-Universal mapping'!$A:$A,0)) -> ADV | AC130: =IF(Y130=$D130,1,0) -> 1 | AD130: =IF(AB130=$G130,1,0) -> 1 | AF130: RB | AG130: =INDEX('Brown tagset'!$B:$B,MATCH(IF(ISERROR(FIND("-",AF130)),IF(ISERROR(FIND("+",AF130)),AF130,LEFT(AF130,FIND("+",AF130)-1)),LEFT(AF130,FIND("-",AF130)-1)),'Brown tagset'!$A:$A,0)) -> adverb | AH130: ADV | AI130: =INDEX('Brown-Universal mapping'!$B:$B,MATCH(AF130,'Brown-Universal mapping'!$A:$A,0)) -> ADV | AJ130: =IF(AF130=$D130,1,0) -> 1 | AK130: =IF(AI130=$G130,1,0) -> 1 | AM130: =M130+AC130+AJ130 -> 3 | AN130: =N130+AD130+AK130 -> 3 | AP130: =AG130&AM130 -> adverb3
A131: has | D131: HVZ | E131: =INDEX('Brown tagset'!$B:$B,MATCH(IF(ISERROR(FIND("-",D131)),IF(ISERROR(FIND("+",D131)),D131,LEFT(D131,FIND("+",D131)-1)),LEFT(D131,FIND("-",D131)-1)),'Brown tagset'!$A:$A,0)) -> has | G131: =INDEX('Brown-Universal mapping'!$B:$B,MATCH(D131,'Brown-Universal mapping'!$A:$A,0)) -> VERB | I131: HVZ | J131: =INDEX('Brown tagset'!$B:$B,MATCH(IF(ISERROR(FIND("-",I131)),IF(ISERROR(FIND("+",I131)),I131,LEFT(I131,FIND("+",I131)-1)),LEFT(I131,FIND("-",I131)-1)),'Brown tagset'!$A:$A,0)) -> has | K131: X | L131: =INDEX('Brown-Universal mapping'!$B:$B,MATCH(I131,'Brown-Universal mapping'!$A:$A,0)) -> VERB | M131: =IF(I131=$D131,1,0) -> 1 | N131: =IF(L131=$G131,1,0) -> 1 | P131: has | Q131: hvz | R131: =INDEX('Brown tagset'!$B:$B,MATCH(IF(ISERROR(FIND("-",Q131)),IF(ISERROR(FIND("+",Q131)),Q131,LEFT(Q131,FIND("+",Q131)-1)),LEFT(Q131,FIND("-",Q131)-1)),'Brown tagset'!$A:$A,0)) -> has | T131: =INDEX('Brown-Universal mapping'!$B:$B,MATCH(Q131,'Brown-Universal mapping'!$A:$A,0)) -> VERB | U131: =IF(Q131=$D131,1,0) -> 1 | V131: =IF(T131=$G131,1,0) -> 1 | X131: has | Y131: hvz | Z131: =INDEX('Brown tagset'!$B:$B,MATCH(IF(ISERROR(FIND("-",Y131)),IF(ISERROR(FIND("+",Y131)),Y131,LEFT(Y131,FIND("+",Y131)-1)),LEFT(Y131,FIND("-",Y131)-1)),'Brown tagset'!$A:$A,0)) -> has | AB131: =INDEX('Brown-Universal mapping'!$B:$B,MATCH(Y131,'Brown-Universal mapping'!$A:$A,0)) -> VERB | AC131: =IF(Y131=$D131,1,0) -> 1 | AD131: =IF(AB131=$G131,1,0) -> 1 | AF131: HVZ | AG131: =INDEX('Brown tagset'!$B:$B,MATCH(IF(ISERROR(FIND("-",AF131)),IF(ISERROR(FIND("+",AF131)),AF131,LEFT(AF131,FIND("+",AF131)-1)),LEFT(AF131,FIND("-",AF131)-1)),'Brown tagset'!$A:$A,0)) -> has | AH131: X | AI131: =INDEX('Brown-Universal mapping'!$B:$B,MATCH(AF131,'Brown-Universal mapping'!$A:$A,0)) -> VERB | AJ131: =IF(AF131=$D131,1,0) -> 1 | AK131: =IF(AI131=$G131,1,0) -> 1 | AM131: =M131+AC131+AJ131 -> 3 | AN131: =N131+AD131+AK131 -> 3 | AP131: =AG131&AM131 -> has3
A132: been | D132: BEN | E132: =INDEX('Brown tagset'!$B:$B,MATCH(IF(ISERROR(FIND("-",D132)),IF(ISERROR(FIND("+",D132)),D132,LEFT(D132,FIND("+",D132)-1)),LEFT(D132,FIND("-",D132)-1)),'Brown tagset'!$A:$A,0)) -> been | G132: =INDEX('Brown-Universal mapping'!$B:$B,MATCH(D132,'Brown-Universal mapping'!$A:$A,0)) -> VERB | I132: BEN | J132: =INDEX('Brown tagset'!$B:$B,MATCH(IF(ISERROR(FIND("-",I132)),IF(ISERROR(FIND("+",I132)),I132,LEFT(I132,FIND("+",I132)-1)),LEFT(I132,FIND("-",I132)-1)),'Brown tagset'!$A:$A,0)) -> been | K132: X | L132: =INDEX('Brown-Universal mapping'!$B:$B,MATCH(I132,'Brown-Universal mapping'!$A:$A,0)) -> VERB | M132: =IF(I132=$D132,1,0) -> 1 | N132: =IF(L132=$G132,1,0) -> 1 | P132: been | Q132: ben | R132: =INDEX('Brown tagset'!$B:$B,MATCH(IF(ISERROR(FIND("-",Q132)),IF(ISERROR(FIND("+",Q132)),Q132,LEFT(Q132,FIND("+",Q132)-1)),LEFT(Q132,FIND("-",Q132)-1)),'Brown tagset'!$A:$A,0)) -> been | T132: =INDEX('Brown-Universal mapping'!$B:$B,MATCH(Q132,'Brown-Universal mapping'!$A:$A,0)) -> VERB | U132: =IF(Q132=$D132,1,0) -> 1 | V132: =IF(T132=$G132,1,0) -> 1 | X132: been | Y132: ben | Z132: =INDEX('Brown tagset'!$B:$B,MATCH(IF(ISERROR(FIND("-",Y132)),IF(ISERROR(FIND("+",Y132)),Y132,LEFT(Y132,FIND("+",Y132)-1)),LEFT(Y132,FIND("-",Y132)-1)),'Brown tagset'!$A:$A,0)) -> been | AB132: =INDEX('Brown-Universal mapping'!$B:$B,MATCH(Y132,'Brown-Universal mapping'!$A:$A,0)) -> VERB | AC132: =IF(Y132=$D132,1,0) -> 1 | AD132: =IF(AB132=$G132,1,0) -> 1 | AF132: BEN | AG132: =INDEX('Brown tagset'!$B:$B,MATCH(IF(ISERROR(FIND("-",AF132)),IF(ISERROR(FIND("+",AF132)),AF132,LEFT(AF132,FIND("+",AF132)-1)),LEFT(AF132,FIND("-",AF132)-1)),'Brown tagset'!$A:$A,0)) -> been | AH132: X | AI132: =INDEX('Brown-Universal mapping'!$B:$B,MATCH(AF132,'Brown-Universal mapping'!$A:$A,0)) -> VERB | AJ132: =IF(AF132=$D132,1,0) -> 1 | AK132: =IF(AI132=$G132,1,0) -> 1 | AM132: =M132+AC132+AJ132 -> 3 | AN132: =N132+AD132+AK132 -> 3 | AP132: =AG132&AM132 -> been3
A133: taunted | D133: VBN | E133: =INDEX('Brown tagset'!$B:$B,MATCH(IF(ISERROR(FIND("-",D133)),IF(ISERROR(FIND("+",D133)),D133,LEFT(D133,FIND("+",D133)-1)),LEFT(D133,FIND("-",D133)-1)),'Brown tagset'!$A:$A,0)) -> verb, past participle | G133: =INDEX('Brown-Universal mapping'!$B:$B,MATCH(D133,'Brown-Universal mapping'!$A:$A,0)) -> VERB | I133: VBN | J133: =INDEX('Brown tagset'!$B:$B,MATCH(IF(ISERROR(FIND("-",I133)),IF(ISERROR(FIND("+",I133)),I133,LEFT(I133,FIND("+",I133)-1)),LEFT(I133,FIND("-",I133)-1)),'Brown tagset'!$A:$A,0)) -> verb, past participle | K133: VERB | L133: =INDEX('Brown-Universal mapping'!$B:$B,MATCH(I133,'Brown-Universal mapping'!$A:$A,0)) -> VERB | M133: =IF(I133=$D133,1,0) -> 1 | N133: =IF(L133=$G133,1,0) -> 1 | P133: taunted | Q133: vbd | R133: =INDEX('Brown tagset'!$B:$B,MATCH(IF(ISERROR(FIND("-",Q133)),IF(ISERROR(FIND("+",Q133)),Q133,LEFT(Q133,FIND("+",Q133)-1)),LEFT(Q133,FIND("-",Q133)-1)),'Brown tagset'!$A:$A,0)) -> verb, past tense | T133: =INDEX('Brown-Universal mapping'!$B:$B,MATCH(Q133,'Brown-Universal mapping'!$A:$A,0)) -> VERB | U133: =IF(Q133=$D133,1,0) -> 0 | V133: =IF(T133=$G133,1,0) -> 1 | X133: taunted | Y133: vbd | Z133: =INDEX('Brown tagset'!$B:$B,MATCH(IF(ISERROR(FIND("-",Y133)),IF(ISERROR(FIND("+",Y133)),Y133,LEFT(Y133,FIND("+",Y133)-1)),LEFT(Y133,FIND("-",Y133)-1)),'Brown tagset'!$A:$A,0)) -> verb, past tense | AB133: =INDEX('Brown-Universal mapping'!$B:$B,MATCH(Y133,'Brown-Universal mapping'!$A:$A,0)) -> VERB | AC133: =IF(Y133=$D133,1,0) -> 0 | AD133: =IF(AB133=$G133,1,0) -> 1 | AF133: VBD | AG133: =INDEX('Brown tagset'!$B:$B,MATCH(IF(ISERROR(FIND("-",AF133)),IF(ISERROR(FIND("+",AF133)),AF133,LEFT(AF133,FIND("+",AF133)-1)),LEFT(AF133,FIND("-",AF133)-1)),'Brown tagset'!$A:$A,0)) -> verb, past tense | AH133: VERB | AI133: =INDEX('Brown-Universal mapping'!$B:$B,MATCH(AF133,'Brown-Universal mapping'!$A:$A,0)) -> VERB | AJ133: =IF(AF133=$D133,1,0) -> 0 | AK133: =IF(AI133=$G133,1,0) -> 1 | AM133: =M133+AC133+AJ133 -> 1 | AN133: =N133+AD133+AK133 -> 3 | AP133: =AG133&AM133 -> verb, past tense1
A134: by | D134: IN | E134: =INDEX('Brown tagset'!$B:$B,MATCH(IF(ISERROR(FIND("-",D134)),IF(ISERROR(FIND("+",D134)),D134,LEFT(D134,FIND("+",D134)-1)),LEFT(D134,FIND("-",D134)-1)),'Brown tagset'!$A:$A,0)) -> preposition | G134: =INDEX('Brown-Universal mapping'!$B:$B,MATCH(D134,'Brown-Universal mapping'!$A:$A,0)) -> ADP | I134: IN | J134: =INDEX('Brown tagset'!$B:$B,MATCH(IF(ISERROR(FIND("-",I134)),IF(ISERROR(FIND("+",I134)),I134,LEFT(I134,FIND("+",I134)-1)),LEFT(I134,FIND("-",I134)-1)),'Brown tagset'!$A:$A,0)) -> preposition | K134: ADP | L134: =INDEX('Brown-Universal mapping'!$B:$B,MATCH(I134,'Brown-Universal mapping'!$A:$A,0)) -> ADP | M134: =IF(I134=$D134,1,0) -> 1 | N134: =IF(L134=$G134,1,0) -> 1 | P134: by | Q134: in | R134: =INDEX('Brown tagset'!$B:$B,MATCH(IF(ISERROR(FIND("-",Q134)),IF(ISERROR(FIND("+",Q134)),Q134,LEFT(Q134,FIND("+",Q134)-1)),LEFT(Q134,FIND("-",Q134)-1)),'Brown tagset'!$A:$A,0)) -> preposition | T134: =INDEX('Brown-Universal mapping'!$B:$B,MATCH(Q134,'Brown-Universal mapping'!$A:$A,0)) -> ADP | U134: =IF(Q134=$D134,1,0) -> 1 | V134: =IF(T134=$G134,1,0) -> 1 | X134: by | Y134: in | Z134: =INDEX('Brown tagset'!$B:$B,MATCH(IF(ISERROR(FIND("-",Y134)),IF(ISERROR(FIND("+",Y134)),Y134,LEFT(Y134,FIND("+",Y134)-1)),LEFT(Y134,FIND("-",Y134)-1)),'Brown tagset'!$A:$A,0)) -> preposition | AB134: =INDEX('Brown-Universal mapping'!$B:$B,MATCH(Y134,'Brown-Universal mapping'!$A:$A,0)) -> ADP | AC134: =IF(Y134=$D134,1,0) -> 1 | AD134: =IF(AB134=$G134,1,0) -> 1 | AF134: IN | AG134: =INDEX('Brown tagset'!$B:$B,MATCH(IF(ISERROR(FIND("-",AF134)),IF(ISERROR(FIND("+",AF134)),AF134,LEFT(AF134,FIND("+",AF134)-1)),LEFT(AF134,FIND("-",AF134)-1)),'Brown tagset'!$A:$A,0)) -> preposition | AH134: ADP | AI134: =INDEX('Brown-Universal mapping'!$B:$B,MATCH(AF134,'Brown-Universal mapping'!$A:$A,0)) -> ADP | AJ134: =IF(AF134=$D134,1,0) -> 1 | AK134: =IF(AI134=$G134,1,0) -> 1 | AM134: =M134+AC134+AJ134 -> 3 | AN134: =N134+AD134+AK134 -> 3 | AP134: =AG134&AM134 -> preposition3
A135: his | D135: PP$ | E135: =INDEX('Brown tagset'!$B:$B,MATCH(IF(ISERROR(FIND("-",D135)),IF(ISERROR(FIND("+",D135)),D135,LEFT(D135,FIND("+",D135)-1)),LEFT(D135,FIND("-",D135)-1)),'Brown tagset'!$A:$A,0)) -> possessive personal pronoun (my, our) | G135: =INDEX('Brown-Universal mapping'!$B:$B,MATCH(D135,'Brown-Universal mapping'!$A:$A,0)) -> DET | I135: PP$ | J135: =INDEX('Brown tagset'!$B:$B,MATCH(IF(ISERROR(FIND("-",I135)),IF(ISERROR(FIND("+",I135)),I135,LEFT(I135,FIND("+",I135)-1)),LEFT(I135,FIND("-",I135)-1)),'Brown tagset'!$A:$A,0)) -> possessive personal pronoun (my, our) | K135: X | L135: =INDEX('Brown-Universal mapping'!$B:$B,MATCH(I135,'Brown-Universal mapping'!$A:$A,0)) -> DET | M135: =IF(I135=$D135,1,0) -> 1 | N135: =IF(L135=$G135,1,0) -> 1 | P135: his | Q135: pp$ | R135: =INDEX('Brown tagset'!$B:$B,MATCH(IF(ISERROR(FIND("-",Q135)),IF(ISERROR(FIND("+",Q135)),Q135,LEFT(Q135,FIND("+",Q135)-1)),LEFT(Q135,FIND("-",Q135)-1)),'Brown tagset'!$A:$A,0)) -> possessive personal pronoun (my, our) | T135: =INDEX('Brown-Universal mapping'!$B:$B,MATCH(Q135,'Brown-Universal mapping'!$A:$A,0)) -> DET | U135: =IF(Q135=$D135,1,0) -> 1 | V135: =IF(T135=$G135,1,0) -> 1 | X135: his | Y135: pp$ | Z135: =INDEX('Brown tagset'!$B:$B,MATCH(IF(ISERROR(FIND("-",Y135)),IF(ISERROR(FIND("+",Y135)),Y135,LEFT(Y135,FIND("+",Y135)-1)),LEFT(Y135,FIND("-",Y135)-1)),'Brown tagset'!$A:$A,0)) -> possessive personal pronoun (my, our) | AB135: =INDEX('Brown-Universal mapping'!$B:$B,MATCH(Y135,'Brown-Universal mapping'!$A:$A,0)) -> DET | AC135: =IF(Y135=$D135,1,0) -> 1 | AD135: =IF(AB135=$G135,1,0) -> 1 | AF135: PP$ | AG135: =INDEX('Brown tagset'!$B:$B,MATCH(IF(ISERROR(FIND("-",AF135)),IF(ISERROR(FIND("+",AF135)),AF135,LEFT(AF135,FIND("+",AF135)-1)),LEFT(AF135,FIND("-",AF135)-1)),'Brown tagset'!$A:$A,0)) -> possessive personal pronoun (my, our) | AH135: X | AI135: =INDEX('Brown-Universal mapping'!$B:$B,MATCH(AF135,'Brown-Universal mapping'!$A:$A,0)) -> DET | AJ135: =IF(AF135=$D135,1,0) -> 1 | AK135: =IF(AI135=$G135,1,0) -> 1 | AM135: =M135+AC135+AJ135 -> 3 | AN135: =N135+AD135+AK135 -> 3 | AP135: =AG135&AM135 -> possessive personal pronoun (my, our)3
...

Sheet gold tagset
A2: Etiquetas gold presentes en el texto analizado ce01
A4: label | B4: En Brown tagset
A5: '' | B5: =MATCH(A5,'Brown tagset'!A:A,0) -> 96
A6: -- | B6: =MATCH(A6,'Brown tagset'!A:A,0) -> 9
A7: ( | B7: =MATCH(A7,'Brown tagset'!A:A,0) -> 6
A8: ) | B8: =MATCH(A8,'Brown tagset'!A:A,0) -> 7
A9: , | B9: =MATCH(A9,'Brown tagset'!A:A,0) -> 10
A10: . | B10: =MATCH(A10,'Brown tagset'!A:A,0) -> 5
A11: `` | B11: =MATCH(A11,'Brown tagset'!A:A,0) -> 97
A12: ABN | B12: =MATCH(A12,'Brown tagset'!A:A,0) -> 13
A13: AP | B13: =MATCH(A13,'Brown tagset'!A:A,0) -> 15
A14: AT | B14: =MATCH(A14,'Brown tagset'!A:A,0) -> 16
A15: BEDZ | B15: =MATCH(A15,'Brown tagset'!A:A,0) -> 19
A16: BEN | B16: =MATCH(A16,'Brown tagset'!A:A,0) -> 22
... A72: WPS | B72: =MATCH(A72,'Brown tagset'!A:A,0) -> 89

Sheet Brown tagset
A2: Brown Tagset [http://clu.uni.no/icame/manuals/BROWN/INDEX.HTM#bc6]
A4: Tag | B4: Definition | C4: En gold tagset
A5: . | B5: sentence (. ; ? *) | C5: =MATCH(A5,'gold tagset'!A:A,0) -> 10
A6: ( | B6: left paren | C6: =MATCH(A6,'gold tagset'!A:A,0) -> 7
A7: ) | B7: right paren | C7: =MATCH(A7,'gold tagset'!A:A,0) -> 8
A8: * | B8: not, n't | C8: =MATCH(A8,'gold tagset'!A:A,0) -> 2
A9: -- | B9: dash | C9: =MATCH(A9,'gold tagset'!A:A,0) -> 6
A10: , | B10: comma | C10: =MATCH(A10,'gold tagset'!A:A,0) -> 9
A11: : | B11: colon | C11: =MATCH(A11,'gold tagset'!A:A,0) -> #N/A
A12: ABL | B12: pre-qualifier (quite, rather) | C12: =MATCH(A12,'gold tagset'!A:A,0) -> #N/A
A13: ABN | B13: pre-quantifier (half, all) | C13: =MATCH(A13,'gold tagset'!A:A,0) -> 12
A14: ABX | B14: pre-quantifier (both) | C14: =MATCH(A14,'gold tagset'!A:A,0) -> #N/A
A15: AP | B15: post-determiner (many, several, next) | C15: =MATCH(A15,'gold tagset'!A:A,0) -> 13
A16: AT | B16: article (a, the, no) | C16: =MATCH(A16,'gold tagset'!A:A,0) -> 14
... A91: WRB | B91: wh- adverb (how, where, when) | C91: =MATCH(A91,'gold tagset'!A:A,0) -> #N/A
A94: Otras etiquetas gold
A96: '' | B96: begin quotation
A97: `` | B97: end quotation
A100: Etiquetas TnT
A101: Unk | B101: unknown

Sheet Universal tagset
A2: ADJ | B2: adjective
A3: ADP | B3: adposition
A4: ADV | B4: adverb
A5: AUX | B5: auxiliary
A6: CCONJ | B6: coordinating conjunction
A7: DET | B7: determiner
A8: INTJ | B8: interjection
A9: NOUN | B9: noun
A10: NUM | B10: numeral
A11: PART | B11: particle
A12: PRON | B12: pronoun
A13: PROPN | B13: proper noun
... A18: X | B18: other

Sheet Brown-Universal mapping
A1: https://www.nltk.org/_modules/nltk/tag/mapping.html
A2: http://code.google.com/p/universal-pos-tags/
A5: Brown | B5: Universal
A6: ' | B6: .
A7: '' | B7: .
A8: ( | B8: .
A9: (-HL | B9: .
A10: ) | B10: .
A11: )-HL | B11: .
A12: * | B12: ADV
A13: *-HL | B13: ADV
A14: *-NC | B14: ADV
A15: *-TL | B15: ADV
A16: , | B16: .
... A480: Unk | B480: Unknown
